0 0 180
0 1 144
0 2 72
0 3 36
0 4 72
0 5 36
0 6 36
0 7 36
0 8 36
0 9 36
0 10 36
0 11 36
0 12 36
0 13 36
0 14 36
0 15 36
0 16 36
0 17 36
0 18 36
0 19 1
0 20 36
0 21 36
0 22 36
0 23 36
0 24 36
0 25 36
0 26 36
0 27 36
0 28 36
0 29 1
0 30 36
0 31 36
0 32 36
0 33 36
0 34 36
0 35 1
0 36 36
0 37 36
0 38 36
0 39 36
0 40 36
0 41 36
0 42 1
0 43 36
0 44 36
0 45 36
0 46 36
0 47 36
0 48 36
0 49 36
0 50 36
0 51 36
0 52 36
0 53 36
0 54 36
0 55 36
0 56 36
0 57 36
0 58 36
0 59 36
0 60 36
0 61 36
0 62 36
0 63 36
1 0 36
1 1 36
1 2 36
1 3 36
1 4 36
1 5 36
1 6 36
1 7 36
1 8 36
1 9 36
1 10 36
1 11 36
1 12 36
1 13 36
1 14 36
1 15 36
1 16 36
1 17 36
1 18 36
1 19 36
1 20 36
1 21 36
1 22 36
1 23 36
1 24 36
1 25 36
1 26 36
1 27 36
1 28 36
1 29 36
1 30 36
1 31 36
1 32 36
1 33 36
1 34 36
1 35 36
1 36 36
1 37 1
1 38 1
1 39 36
1 40 36
1 41 36
1 42 36
1 43 36
1 44 36
1 45 36
1 46 36
1 47 36
1 48 36
1 49 36
1 50 36
1 51 36
1 52 36
1 53 36
1 54 36
1 55 36
1 56 36
1 57 36
1 58 36
1 59 36
1 60 36
1 61 36
1 62 36
1 63 36
2 0 36
2 1 72
2 2 36
2 3 36
2 4 36
2 5 36
2 6 36
2 7 36
2 8 36
2 9 36
2 10 36
2 11 36
2 12 36
2 13 36
2 14 36
2 15 36
2 16 36
2 17 36
2 18 36
2 19 36
2 20 36
2 21 36
2 22 36
2 23 1
2 24 36
2 25 36
2 26 36
2 27 36
2 28 36
2 29 36
2 30 36
2 31 36
2 32 36
2 33 36
2 34 36
2 35 36
2 36 36
2 37 1
2 38 36
2 39 36
2 40 36
2 41 36
2 42 36
2 43 36
2 44 36
2 45 36
2 46 36
2 47 36
2 48 36
2 49 36
2 50 36
2 51 36
2 52 36
2 53 36
2 54 36
2 55 36
2 56 36
2 57 36
2 58 36
2 59 36
2 60 36
2 61 36
2 62 36
2 63 36
3 0 36
3 1 36
3 2 36
3 3 1
3 4 36
3 5 36
3 6 36
3 7 36
3 8 36
3 9 36
3 10 36
3 11 36
3 12 36
3 13 36
3 14 36
3 15 36
3 16 36
3 17 36
3 18 36
3 19 36
3 20 36
3 21 36
3 22 36
3 23 36
3 24 36
3 25 36
3 26 1
3 27 36
3 28 36
3 29 1
3 30 36
3 31 1
3 32 36
3 33 36
3 34 36
3 35 36
3 36 36
3 37 36
3 38 36
3 39 36
3 40 36
3 41 36
3 42 36
3 43 36
3 44 36
3 45 36
3 46 36
3 47 36
3 48 36
3 49 36
3 50 1
3 51 36
3 52 36
3 53 36
3 54 36
3 55 36
3 56 36
3 57 36
3 58 36
3 59 36
3 60 36
3 61 36
3 62 36
3 63 36
4 0 36
4 1 36
4 2 36
4 3 36
4 4 36
4 5 36
4 6 36
4 7 36
4 8 72
4 9 36
4 10 36
4 11 36
4 12 36
4 13 36
4 14 36
4 15 72
4 16 36
4 17 36
4 18 36
4 19 36
4 20 36
4 21 36
4 22 36
4 23 36
4 24 36
4 25 36
4 26 36
4 27 36
4 28 36
4 29 36
4 30 36
4 31 36
4 32 1
4 33 36
4 34 36
4 35 36
4 36 1
4 37 36
4 38 36
4 39 36
4 40 36
4 41 36
4 42 36
4 43 36
4 44 36
4 45 36
4 46 36
4 47 36
4 48 36
4 49 72
4 50 36
4 51 36
4 52 36
4 53 36
4 54 36
4 55 36
4 56 36
4 57 36
4 58 36
4 59 36
4 60 36
4 61 36
4 62 36
4 63 36
5 0 36
5 1 36
5 2 36
5 3 36
5 4 36
5 5 36
5 6 36
5 7 36
5 8 36
5 9 36
5 10 36
5 11 36
5 12 72
5 13 36
5 14 36
5 15 36
5 16 36
5 17 36
5 18 36
5 19 36
5 20 36
5 21 36
5 22 36
5 23 1
5 24 36
5 25 36
5 26 36
5 27 36
5 28 36
5 29 36
5 30 36
5 31 36
5 32 36
5 33 36
5 34 36
5 35 36
5 36 36
5 37 36
5 38 36
5 39 36
5 40 36
5 41 36
5 42 36
5 43 36
5 44 36
5 45 36
5 46 36
5 47 36
5 48 36
5 49 36
5 50 36
5 51 36
5 52 36
5 53 36
5 54 36
5 55 36
5 56 36
5 57 36
5 58 36
5 59 36
5 60 1
5 61 36
5 62 36
5 63 36
6 0 36
6 1 36
6 2 36
6 3 1
6 4 36
6 5 36
6 6 36
6 7 36
6 8 36
6 9 36
6 10 72
6 11 72
6 12 36
6 13 36
6 14 36
6 15 36
6 16 36
6 17 36
6 18 36
6 19 36
6 20 36
6 21 36
6 22 72
6 23 36
6 24 36
6 25 36
6 26 36
6 27 36
6 28 1
6 29 1
6 30 36
6 31 1
6 32 36
6 33 36
6 34 36
6 35 36
6 36 36
6 37 36
6 38 36
6 39 36
6 40 36
6 41 36
6 42 36
6 43 36
6 44 36
6 45 36
6 46 36
6 47 36
6 48 36
6 49 36
6 50 36
6 51 36
6 52 36
6 53 36
6 54 36
6 55 36
6 56 72
6 57 36
6 58 36
6 59 36
6 60 36
6 61 36
6 62 36
6 63 36
7 0 36
7 1 36
7 2 36
7 3 36
7 4 36
7 5 36
7 6 36
7 7 36
7 8 36
7 9 36
7 10 36
7 11 36
7 12 36
7 13 36
7 14 36
7 15 36
7 16 36
7 17 36
7 18 36
7 19 36
7 20 36
7 21 36
7 22 36
7 23 36
7 24 36
7 25 36
7 26 36
7 27 36
7 28 36
7 29 36
7 30 36
7 31 36
7 32 1
7 33 36
7 34 1
7 35 36
7 36 36
7 37 36
7 38 36
7 39 36
7 40 36
7 41 36
7 42 36
7 43 36
7 44 36
7 45 36
7 46 36
7 47 36
7 48 36
7 49 36
7 50 36
7 51 1
7 52 1
7 53 1
7 54 36
7 55 36
7 56 36
7 57 36
7 58 36
7 59 36
7 60 36
7 61 36
7 62 36
7 63 36
8 0 36
8 1 36
8 2 36
8 3 36
8 4 36
8 5 36
8 6 36
8 7 36
8 8 36
8 9 36
8 10 36
8 11 36
8 12 36
8 13 36
8 14 36
8 15 36
8 16 36
8 17 36
8 18 36
8 19 36
8 20 36
8 21 36
8 22 36
8 23 36
8 24 1
8 25 36
8 26 72
8 27 36
8 28 36
8 29 1
8 30 36
8 31 36
8 32 36
8 33 36
8 34 36
8 35 36
8 36 36
8 37 36
8 38 36
8 39 36
8 40 36
8 41 36
8 42 36
8 43 36
8 44 36
8 45 36
8 46 36
8 47 36
8 48 36
8 49 36
8 50 36
8 51 36
8 52 36
8 53 36
8 54 36
8 55 36
8 56 36
8 57 36
8 58 36
8 59 36
8 60 36
8 61 36
8 62 36
8 63 36
9 0 36
9 1 36
9 2 36
9 3 1
9 4 36
9 5 36
9 6 36
9 7 36
9 8 36
9 9 1
9 10 36
9 11 36
9 12 36
9 13 36
9 14 36
9 15 36
9 16 36
9 17 36
9 18 36
9 19 36
9 20 36
9 21 72
9 22 36
9 23 36
9 24 36
9 25 36
9 26 36
9 27 36
9 28 36
9 29 36
9 30 36
9 31 36
9 32 36
9 33 36
9 34 36
9 35 36
9 36 36
9 37 36
9 38 36
9 39 36
9 40 36
9 41 36
9 42 36
9 43 36
9 44 36
9 45 36
9 46 36
9 47 36
9 48 36
9 49 36
9 50 36
9 51 36
9 52 36
9 53 36
9 54 36
9 55 1
9 56 36
9 57 36
9 58 36
9 59 36
9 60 36
9 61 36
9 62 36
9 63 36
10 0 36
10 1 36
10 2 36
10 3 36
10 4 36
10 5 36
10 6 36
10 7 36
10 8 36
10 9 36
10 10 36
10 11 36
10 12 36
10 13 36
10 14 36
10 15 36
10 16 36
10 17 36
10 18 36
10 19 36
10 20 36
10 21 36
10 22 36
10 23 36
10 24 36
10 25 36
10 26 36
10 27 36
10 28 36
10 29 36
10 30 36
10 31 36
10 32 36
10 33 36
10 34 1
10 35 36
10 36 36
10 37 36
10 38 36
10 39 72
10 40 36
10 41 36
10 42 36
10 43 36
10 44 36
10 45 36
10 46 36
10 47 36
10 48 36
10 49 36
10 50 1
10 51 36
10 52 36
10 53 1
10 54 36
10 55 36
10 56 36
10 57 36
10 58 36
10 59 36
10 60 36
10 61 36
10 62 36
10 63 36
11 0 36
11 1 36
11 2 36
11 3 36
11 4 36
11 5 36
11 6 36
11 7 36
11 8 36
11 9 36
11 10 36
11 11 36
11 12 36
11 13 36
11 14 36
11 15 36
11 16 36
11 17 36
11 18 36
11 19 72
11 20 36
11 21 36
11 22 36
11 23 36
11 24 36
11 25 1
11 26 36
11 27 36
11 28 36
11 29 36
11 30 36
11 31 36
11 32 1
11 33 36
11 34 1
11 35 36
11 36 36
11 37 36
11 38 36
11 39 36
11 40 36
11 41 36
11 42 36
11 43 36
11 44 36
11 45 36
11 46 36
11 47 36
11 48 36
11 49 1
11 50 36
11 51 36
11 52 36
11 53 36
11 54 36
11 55 36
11 56 36
11 57 36
11 58 36
11 59 36
11 60 36
11 61 36
11 62 36
11 63 36
12 0 72
12 1 36
12 2 36
12 3 36
12 4 36
12 5 36
12 6 36
12 7 36
12 8 36
12 9 36
12 10 36
12 11 36
12 12 36
12 13 36
12 14 36
12 15 36
12 16 36
12 17 36
12 18 36
12 19 36
12 20 36
12 21 36
12 22 36
12 23 36
12 24 36
12 25 36
12 26 36
12 27 1
12 28 36
12 29 36
12 30 36
12 31 36
12 32 36
12 33 36
12 34 36
12 35 36
12 36 1
12 37 36
12 38 36
12 39 36
12 40 36
12 41 1
12 42 36
12 43 36
12 44 36
12 45 36
12 46 36
12 47 72
12 48 36
12 49 36
12 50 36
12 51 36
12 52 36
12 53 36
12 54 36
12 55 36
12 56 36
12 57 36
12 58 36
12 59 36
12 60 36
12 61 36
12 62 36
12 63 36
13 0 36
13 1 36
13 2 36
13 3 72
13 4 72
13 5 72
13 6 36
13 7 36
13 8 72
13 9 72
13 10 72
13 11 36
13 12 72
13 13 36
13 14 36
13 15 72
13 16 36
13 17 36
13 18 36
13 19 36
13 20 72
13 21 72
13 22 36
13 23 36
13 24 36
13 25 36
13 26 72
13 27 72
13 28 36
13 29 72
13 30 72
13 31 72
13 32 36
13 33 36
13 34 36
13 35 36
13 36 72
13 37 36
13 38 36
13 39 72
13 40 36
13 41 36
13 42 72
13 43 36
13 44 36
13 45 36
13 46 36
13 47 72
13 48 72
13 49 36
13 50 36
13 51 36
13 52 72
13 53 72
13 54 72
13 55 36
13 56 72
13 57 36
13 58 36
13 59 36
13 60 36
13 61 72
13 62 72
13 63 36
14 0 72
14 1 72
14 2 36
14 3 36
14 4 36
14 5 36
14 6 72
14 7 72
14 8 36
14 9 36
14 10 36
14 11 72
14 12 72
14 13 72
14 14 36
14 15 72
14 16 36
14 17 72
14 18 72
14 19 36
14 20 36
14 21 36
14 22 36
14 23 72
14 24 36
14 25 36
14 26 36
14 27 36
14 28 36
14 29 36
14 30 36
14 31 36
14 32 72
14 33 36
14 34 36
14 35 72
14 36 36
14 37 36
14 38 72
14 39 72
14 40 72
14 41 72
14 42 1
14 43 36
14 44 36
14 45 36
14 46 36
14 47 36
14 48 72
14 49 36
14 50 72
14 51 36
14 52 36
14 53 36
14 54 36
14 55 72
14 56 36
14 57 36
14 58 72
14 59 72
14 60 72
14 61 36
14 62 72
14 63 36
15 0 72
15 1 36
15 2 36
15 3 36
15 4 72
15 5 36
15 6 36
15 7 36
15 8 36
15 9 72
15 10 72
15 11 36
15 12 72
15 13 36
15 14 36
15 15 72
15 16 72
15 17 72
15 18 72
15 19 72
15 20 36
15 21 72
15 22 72
15 23 36
15 24 36
15 25 36
15 26 72
15 27 36
15 28 72
15 29 36
15 30 36
15 31 72
15 32 72
15 33 36
15 34 36
15 35 72
15 36 36
15 37 36
15 38 36
15 39 36
15 40 36
15 41 36
15 42 72
15 43 36
15 44 36
15 45 36
15 46 36
15 47 36
15 48 36
15 49 36
15 50 36
15 51 72
15 52 36
15 53 36
15 54 72
15 55 36
15 56 36
15 57 72
15 58 36
15 59 36
15 60 36
15 61 36
15 62 36
15 63 72
16 0 72
16 1 36
16 2 36
16 3 36
16 4 72
16 5 72
16 6 36
16 7 36
16 8 36
16 9 72
16 10 72
16 11 72
16 12 36
16 13 36
16 14 72
16 15 72
16 16 36
16 17 36
16 18 36
16 19 72
16 20 72
16 21 36
16 22 72
16 23 72
16 24 36
16 25 72
16 26 36
16 27 72
16 28 36
16 29 72
16 30 36
16 31 108
16 32 36
16 33 108
16 34 72
16 35 36
16 36 36
16 37 36
16 38 72
16 39 36
16 40 72
16 41 36
16 42 36
16 43 36
16 44 36
16 45 36
16 46 72
16 47 36
16 48 36
16 49 72
16 50 36
16 51 36
16 52 1
16 53 72
16 54 36
16 55 72
16 56 72
16 57 36
16 58 36
16 59 36
16 60 36
16 61 36
16 62 36
16 63 36
17 0 108
17 1 72
17 2 36
17 3 72
17 4 72
17 5 72
17 6 36
17 7 36
17 8 36
17 9 36
17 10 72
17 11 72
17 12 36
17 13 72
17 14 36
17 15 36
17 16 72
17 17 36
17 18 36
17 19 36
17 20 36
17 21 36
17 22 36
17 23 36
17 24 36
17 25 36
17 26 72
17 27 180
17 28 36
17 29 36
17 30 36
17 31 36
17 32 36
17 33 36
17 34 36
17 35 108
17 36 36
17 37 72
17 38 72
17 39 72
17 40 72
17 41 36
17 42 36
17 43 72
17 44 36
17 45 72
17 46 72
17 47 72
17 48 36
17 49 36
17 50 72
17 51 72
17 52 36
17 53 72
17 54 36
17 55 36
17 56 36
17 57 72
17 58 72
17 59 36
17 60 36
17 61 72
17 62 36
17 63 72
18 0 36
18 1 36
18 2 36
18 3 36
18 4 72
18 5 72
18 6 36
18 7 36
18 8 36
18 9 36
18 10 36
18 11 36
18 12 72
18 13 36
18 14 36
18 15 36
18 16 36
18 17 36
18 18 36
18 19 72
18 20 36
18 21 72
18 22 36
18 23 72
18 24 72
18 25 72
18 26 36
18 27 72
18 28 36
18 29 36
18 30 36
18 31 36
18 32 36
18 33 72
18 34 36
18 35 36
18 36 72
18 37 36
18 38 36
18 39 36
18 40 36
18 41 72
18 42 36
18 43 36
18 44 36
18 45 36
18 46 108
18 47 36
18 48 36
18 49 72
18 50 72
18 51 36
18 52 36
18 53 36
18 54 36
18 55 72
18 56 36
18 57 36
18 58 72
18 59 36
18 60 72
18 61 36
18 62 108
18 63 36
19 0 72
19 1 72
19 2 72
19 3 36
19 4 72
19 5 36
19 6 72
19 7 36
19 8 72
19 9 36
19 10 72
19 11 72
19 12 72
19 13 36
19 14 72
19 15 36
19 16 72
19 17 36
19 18 72
19 19 72
19 20 36
19 21 72
19 22 72
19 23 36
19 24 36
19 25 36
19 26 180
19 27 36
19 28 36
19 29 36
19 30 72
19 31 36
19 32 72
19 33 72
19 34 108
19 35 72
19 36 36
19 37 108
19 38 36
19 39 36
19 40 36
19 41 72
19 42 72
19 43 72
19 44 36
19 45 72
19 46 72
19 47 72
19 48 36
19 49 36
19 50 36
19 51 36
19 52 36
19 53 36
19 54 36
19 55 36
19 56 72
19 57 72
19 58 36
19 59 36
19 60 36
19 61 36
19 62 36
19 63 72
20 0 72
20 1 36
20 2 36
20 3 36
20 4 36
20 5 72
20 6 36
20 7 36
20 8 72
20 9 72
20 10 36
20 11 72
20 12 36
20 13 72
20 14 36
20 15 72
20 16 72
20 17 72
20 18 36
20 19 36
20 20 36
20 21 36
20 22 36
20 23 36
20 24 36
20 25 36
20 26 36
20 27 36
20 28 36
20 29 36
20 30 36
20 31 144
20 32 36
20 33 36
20 34 72
20 35 36
20 36 72
20 37 36
20 38 72
20 39 36
20 40 36
20 41 36
20 42 36
20 43 72
20 44 36
20 45 36
20 46 72
20 47 36
20 48 36
20 49 36
20 50 72
20 51 36
20 52 36
20 53 36
20 54 72
20 55 36
20 56 36
20 57 36
20 58 72
20 59 36
20 60 72
20 61 72
20 62 36
20 63 72
21 0 72
21 1 36
21 2 36
21 3 108
21 4 72
21 5 72
21 6 36
21 7 72
21 8 36
21 9 36
21 10 36
21 11 72
21 12 72
21 13 72
21 14 36
21 15 36
21 16 36
21 17 36
21 18 36
21 19 36
21 20 36
21 21 72
21 22 36
21 23 72
21 24 36
21 25 72
21 26 36
21 27 36
21 28 36
21 29 72
21 30 72
21 31 36
21 32 36
21 33 36
21 34 36
21 35 36
21 36 72
21 37 72
21 38 72
21 39 36
21 40 72
21 41 72
21 42 72
21 43 72
21 44 36
21 45 72
21 46 36
21 47 72
21 48 72
21 49 72
21 50 36
21 51 72
21 52 36
21 53 36
21 54 72
21 55 36
21 56 36
21 57 36
21 58 36
21 59 36
21 60 36
21 61 36
21 62 36
21 63 36
22 0 72
22 1 72
22 2 36
22 3 36
22 4 36
22 5 36
22 6 36
22 7 36
22 8 36
22 9 72
22 10 36
22 11 36
22 12 36
22 13 36
22 14 72
22 15 72
22 16 72
22 17 36
22 18 72
22 19 72
22 20 36
22 21 36
22 22 36
22 23 72
22 24 36
22 25 36
22 26 36
22 27 36
22 28 72
22 29 36
22 30 36
22 31 36
22 32 36
22 33 36
22 34 36
22 35 72
22 36 72
22 37 36
22 38 36
22 39 36
22 40 36
22 41 36
22 42 36
22 43 72
22 44 72
22 45 72
22 46 36
22 47 72
22 48 72
22 49 36
22 50 36
22 51 72
22 52 36
22 53 108
22 54 72
22 55 72
22 56 72
22 57 36
22 58 108
22 59 36
22 60 144
22 61 36
22 62 72
22 63 36
23 0 72
23 1 36
23 2 36
23 3 36
23 4 36
23 5 36
23 6 36
23 7 36
23 8 36
23 9 36
23 10 36
23 11 36
23 12 1
23 13 36
23 14 1
23 15 36
23 16 36
23 17 36
23 18 36
23 19 36
23 20 36
23 21 36
23 22 36
23 23 36
23 24 36
23 25 72
23 26 36
23 27 36
23 28 36
23 29 36
23 30 1
23 31 36
23 32 36
23 33 1
23 34 36
23 35 36
23 36 36
23 37 1
23 38 36
23 39 36
23 40 36
23 41 36
23 42 36
23 43 36
23 44 36
23 45 36
23 46 36
23 47 1
23 48 36
23 49 36
23 50 1
23 51 36
23 52 36
23 53 36
23 54 36
23 55 36
23 56 36
23 57 36
23 58 36
23 59 36
23 60 36
23 61 36
23 62 36
23 63 36
24 0 216
24 1 36
24 2 72
24 3 36
24 4 72
24 5 36
24 6 36
24 7 36
24 8 36
24 9 36
24 10 36
24 11 72
24 12 72
24 13 36
24 14 72
24 15 36
24 16 36
24 17 36
24 18 72
24 19 72
24 20 72
24 21 36
24 22 36
24 23 36
24 24 72
24 25 72
24 26 36
24 27 72
24 28 36
24 29 36
24 30 36
24 31 36
24 32 36
24 33 36
24 34 36
24 35 36
24 36 36
24 37 36
24 38 36
24 39 36
24 40 36
24 41 36
24 42 36
24 43 36
24 44 72
24 45 36
24 46 36
24 47 72
24 48 36
24 49 36
24 50 36
24 51 36
24 52 36
24 53 72
24 54 36
24 55 36
24 56 72
24 57 36
24 58 36
24 59 72
24 60 72
24 61 72
24 62 36
24 63 36
25 0 72
25 1 36
25 2 36
25 3 36
25 4 72
25 5 36
25 6 72
25 7 72
25 8 72
25 9 36
25 10 36
25 11 36
25 12 36
25 13 36
25 14 36
25 15 36
25 16 72
25 17 72
25 18 36
25 19 36
25 20 36
25 21 36
25 22 36
25 23 36
25 24 36
25 25 36
25 26 36
25 27 36
25 28 36
25 29 36
25 30 36
25 31 72
25 32 72
25 33 36
25 34 36
25 35 72
25 36 36
25 37 36
25 38 36
25 39 36
25 40 72
25 41 36
25 42 72
25 43 36
25 44 72
25 45 36
25 46 36
25 47 36
25 48 72
25 49 36
25 50 72
25 51 36
25 52 72
25 53 36
25 54 36
25 55 36
25 56 36
25 57 72
25 58 72
25 59 72
25 60 36
25 61 72
25 62 36
25 63 36
26 0 36
26 1 36
26 2 36
26 3 36
26 4 36
26 5 36
26 6 36
26 7 36
26 8 36
26 9 36
26 10 36
26 11 36
26 12 36
26 13 36
26 14 36
26 15 72
26 16 36
26 17 36
26 18 36
26 19 36
26 20 36
26 21 36
26 22 36
26 23 36
26 24 36
26 25 1
26 26 36
26 27 36
26 28 36
26 29 36
26 30 36
26 31 36
26 32 36
26 33 36
26 34 36
26 35 36
26 36 36
26 37 36
26 38 36
26 39 36
26 40 72
26 41 36
26 42 36
26 43 36
26 44 36
26 45 36
26 46 36
26 47 36
26 48 36
26 49 36
26 50 36
26 51 36
26 52 36
26 53 36
26 54 1
26 55 36
26 56 36
26 57 36
26 58 36
26 59 36
26 60 36
26 61 36
26 62 36
26 63 1
27 0 36
27 1 36
27 2 36
27 3 36
27 4 36
27 5 72
27 6 36
27 7 36
27 8 36
27 9 36
27 10 36
27 11 36
27 12 36
27 13 36
27 14 36
27 15 36
27 16 36
27 17 72
27 18 36
27 19 36
27 20 36
27 21 36
27 22 36
27 23 36
27 24 36
27 25 36
27 26 1
27 27 36
27 28 36
27 29 36
27 30 1
27 31 36
27 32 1
27 33 36
27 34 36
27 35 36
27 36 36
27 37 36
27 38 36
27 39 36
27 40 36
27 41 36
27 42 36
27 43 36
27 44 36
27 45 36
27 46 36
27 47 36
27 48 36
27 49 36
27 50 36
27 51 36
27 52 1
27 53 36
27 54 36
27 55 36
27 56 36
27 57 36
27 58 36
27 59 36
27 60 36
27 61 36
27 62 36
27 63 36
28 0 180
28 1 36
28 2 36
28 3 36
28 4 36
28 5 36
28 6 72
28 7 72
28 8 36
28 9 36
28 10 36
28 11 36
28 12 36
28 13 72
28 14 36
28 15 72
28 16 72
28 17 36
28 18 36
28 19 36
28 20 36
28 21 72
28 22 36
28 23 72
28 24 72
28 25 36
28 26 72
28 27 72
28 28 72
28 29 36
28 30 72
28 31 36
28 32 36
28 33 36
28 34 36
28 35 36
28 36 36
28 37 36
28 38 36
28 39 36
28 40 36
28 41 36
28 42 36
28 43 72
28 44 36
28 45 36
28 46 36
28 47 36
28 48 72
28 49 72
28 50 36
28 51 72
28 52 36
28 53 36
28 54 36
28 55 36
28 56 72
28 57 36
28 58 36
28 59 36
28 60 36
28 61 72
28 62 72
28 63 36
29 0 108
29 1 36
29 2 36
29 3 36
29 4 36
29 5 72
29 6 36
29 7 72
29 8 36
29 9 36
29 10 72
29 11 36
29 12 36
29 13 36
29 14 36
29 15 72
29 16 36
29 17 36
29 18 36
29 19 36
29 20 36
29 21 72
29 22 36
29 23 36
29 24 36
29 25 36
29 26 36
29 27 72
29 28 36
29 29 36
29 30 36
29 31 36
29 32 36
29 33 36
29 34 36
29 35 36
29 36 36
29 37 36
29 38 1
29 39 36
29 40 36
29 41 36
29 42 36
29 43 36
29 44 36
29 45 36
29 46 36
29 47 36
29 48 36
29 49 36
29 50 36
29 51 36
29 52 36
29 53 36
29 54 36
29 55 36
29 56 36
29 57 72
29 58 36
29 59 36
29 60 36
29 61 36
29 62 36
29 63 36
30 0 36
30 1 36
30 2 36
30 3 36
30 4 36
30 5 36
30 6 36
30 7 36
30 8 36
30 9 36
30 10 36
30 11 36
30 12 36
30 13 36
30 14 36
30 15 36
30 16 36
30 17 1
30 18 36
30 19 36
30 20 36
30 21 36
30 22 36
30 23 36
30 24 36
30 25 72
30 26 36
30 27 36
30 28 36
30 29 36
30 30 36
30 31 36
30 32 36
30 33 36
30 34 36
30 35 36
30 36 36
30 37 1
30 38 36
30 39 36
30 40 36
30 41 36
30 42 36
30 43 36
30 44 36
30 45 36
30 46 36
30 47 1
30 48 36
30 49 36
30 50 36
30 51 36
30 52 36
30 53 36
30 54 36
30 55 36
30 56 36
30 57 36
30 58 36
30 59 36
30 60 36
30 61 36
30 62 36
30 63 36
31 0 36
31 1 36
31 2 36
31 3 36
31 4 36
31 5 36
31 6 36
31 7 36
31 8 36
31 9 1
31 10 36
31 11 36
31 12 36
31 13 36
31 14 36
31 15 36
31 16 36
31 17 36
31 18 36
31 19 36
31 20 36
31 21 36
31 22 36
31 23 36
31 24 36
31 25 36
31 26 36
31 27 36
31 28 36
31 29 36
31 30 36
31 31 36
31 32 36
31 33 36
31 34 36
31 35 36
31 36 36
31 37 36
31 38 36
31 39 36
31 40 1
31 41 36
31 42 36
31 43 36
31 44 36
31 45 36
31 46 36
31 47 36
31 48 36
31 49 36
31 50 36
31 51 36
31 52 36
31 53 36
31 54 36
31 55 36
31 56 36
31 57 36
31 58 36
31 59 1
31 60 36
31 61 36
31 62 36
31 63 36
32 0 36
32 1 36
32 2 36
32 3 36
32 4 36
32 5 36
32 6 36
32 7 36
32 8 36
32 9 36
32 10 36
32 11 36
32 12 36
32 13 36
32 14 36
32 15 36
32 16 36
32 17 36
32 18 36
32 19 36
32 20 36
32 21 36
32 22 36
32 23 36
32 24 36
32 25 36
32 26 36
32 27 36
32 28 36
32 29 36
32 30 36
32 31 36
32 32 36
32 33 36
32 34 36
32 35 36
32 36 36
32 37 36
32 38 36
32 39 36
32 40 36
32 41 36
32 42 36
32 43 36
32 44 36
32 45 36
32 46 36
32 47 36
32 48 36
32 49 36
32 50 36
32 51 36
32 52 36
32 53 36
32 54 36
32 55 72
32 56 36
32 57 36
32 58 36
32 59 36
32 60 36
32 61 36
32 62 1
32 63 36
33 0 36
33 1 36
33 2 1
33 3 36
33 4 36
33 5 1
33 6 36
33 7 36
33 8 36
33 9 36
33 10 36
33 11 72
33 12 36
33 13 36
33 14 36
33 15 36
33 16 72
33 17 36
33 18 36
33 19 36
33 20 36
33 21 36
33 22 36
33 23 36
33 24 36
33 25 36
33 26 36
33 27 36
33 28 36
33 29 36
33 30 36
33 31 1
33 32 36
33 33 36
33 34 36
33 35 36
33 36 36
33 37 36
33 38 36
33 39 36
33 40 36
33 41 36
33 42 36
33 43 36
33 44 36
33 45 36
33 46 36
33 47 36
33 48 36
33 49 36
33 50 36
33 51 36
33 52 36
33 53 36
33 54 36
33 55 36
33 56 36
33 57 36
33 58 36
33 59 36
33 60 1
33 61 36
33 62 36
33 63 36
34 0 36
34 1 36
34 2 36
34 3 36
34 4 36
34 5 1
34 6 36
34 7 36
34 8 36
34 9 36
34 10 36
34 11 36
34 12 36
34 13 36
34 14 36
34 15 36
34 16 36
34 17 1
34 18 36
34 19 36
34 20 36
34 21 36
34 22 1
34 23 36
34 24 36
34 25 1
34 26 36
34 27 36
34 28 36
34 29 36
34 30 36
34 31 36
34 32 36
34 33 36
34 34 36
34 35 36
34 36 36
34 37 1
34 38 36
34 39 36
34 40 36
34 41 36
34 42 36
34 43 36
34 44 36
34 45 36
34 46 72
34 47 36
34 48 36
34 49 36
34 50 36
34 51 36
34 52 36
34 53 36
34 54 36
34 55 36
34 56 36
34 57 36
34 58 36
34 59 36
34 60 1
34 61 36
34 62 36
34 63 36
35 0 216
35 1 36
35 2 72
35 3 36
35 4 72
35 5 36
35 6 36
35 7 36
35 8 72
35 9 36
35 10 36
35 11 72
35 12 36
35 13 72
35 14 36
35 15 36
35 16 36
35 17 36
35 18 36
35 19 36
35 20 36
35 21 36
35 22 36
35 23 36
35 24 36
35 25 36
35 26 36
35 27 36
35 28 36
35 29 72
35 30 36
35 31 36
35 32 36
35 33 36
35 34 72
35 35 72
35 36 72
35 37 36
35 38 72
35 39 36
35 40 144
35 41 72
35 42 36
35 43 36
35 44 36
35 45 36
35 46 72
35 47 36
35 48 36
35 49 72
35 50 72
35 51 72
35 52 36
35 53 36
35 54 36
35 55 36
35 56 36
35 57 36
35 58 72
35 59 36
35 60 72
35 61 72
35 62 36
35 63 72
36 0 180
36 1 36
36 2 36
36 3 36
36 4 36
36 5 36
36 6 36
36 7 36
36 8 36
36 9 36
36 10 36
36 11 36
36 12 36
36 13 36
36 14 36
36 15 36
36 16 36
36 17 36
36 18 36
36 19 36
36 20 36
36 21 36
36 22 36
36 23 36
36 24 36
36 25 36
36 26 36
36 27 36
36 28 36
36 29 36
36 30 36
36 31 1
36 32 36
36 33 36
36 34 36
36 35 36
36 36 36
36 37 36
36 38 36
36 39 36
36 40 36
36 41 36
36 42 36
36 43 36
36 44 36
36 45 36
36 46 36
36 47 36
36 48 36
36 49 36
36 50 36
36 51 36
36 52 36
36 53 36
36 54 36
36 55 36
36 56 36
36 57 72
36 58 36
36 59 36
36 60 36
36 61 36
36 62 36
36 63 36
37 0 36
37 1 36
37 2 36
37 3 36
37 4 36
37 5 36
37 6 36
37 7 36
37 8 36
37 9 36
37 10 36
37 11 36
37 12 36
37 13 36
37 14 36
37 15 36
37 16 72
37 17 36
37 18 36
37 19 36
37 20 36
37 21 36
37 22 36
37 23 36
37 24 36
37 25 36
37 26 36
37 27 36
37 28 36
37 29 72
37 30 36
37 31 36
37 32 36
37 33 36
37 34 36
37 35 36
37 36 36
37 37 36
37 38 36
37 39 36
37 40 36
37 41 36
37 42 36
37 43 36
37 44 36
37 45 36
37 46 36
37 47 36
37 48 36
37 49 36
37 50 36
37 51 36
37 52 36
37 53 36
37 54 36
37 55 36
37 56 36
37 57 36
37 58 1
37 59 36
37 60 1
37 61 36
37 62 36
37 63 36
38 0 36
38 1 36
38 2 36
38 3 36
38 4 36
38 5 36
38 6 36
38 7 36
38 8 36
38 9 36
38 10 1
38 11 36
38 12 36
38 13 36
38 14 36
38 15 72
38 16 36
38 17 36
38 18 36
38 19 36
38 20 36
38 21 36
38 22 36
38 23 36
38 24 36
38 25 36
38 26 1
38 27 36
38 28 36
38 29 36
38 30 36
38 31 36
38 32 36
38 33 36
38 34 36
38 35 36
38 36 1
38 37 36
38 38 36
38 39 36
38 40 36
38 41 36
38 42 36
38 43 36
38 44 36
38 45 36
38 46 36
38 47 36
38 48 36
38 49 36
38 50 36
38 51 36
38 52 36
38 53 36
38 54 36
38 55 36
38 56 36
38 57 36
38 58 36
38 59 36
38 60 1
38 61 36
38 62 36
38 63 36
39 0 36
39 1 36
39 2 36
39 3 36
39 4 36
39 5 36
39 6 36
39 7 36
39 8 36
39 9 36
39 10 36
39 11 36
39 12 36
39 13 36
39 14 36
39 15 36
39 16 36
39 17 72
39 18 72
39 19 36
39 20 36
39 21 36
39 22 36
39 23 36
39 24 36
39 25 36
39 26 36
39 27 36
39 28 36
39 29 36
39 30 36
39 31 1
39 32 36
39 33 36
39 34 1
39 35 36
39 36 36
39 37 36
39 38 36
39 39 36
39 40 72
39 41 36
39 42 36
39 43 36
39 44 36
39 45 36
39 46 36
39 47 36
39 48 36
39 49 36
39 50 36
39 51 1
39 52 36
39 53 36
39 54 36
39 55 36
39 56 36
39 57 36
39 58 36
39 59 36
39 60 36
39 61 36
39 62 36
39 63 36
40 0 180
40 1 36
40 2 1
40 3 36
40 4 36
40 5 36
40 6 36
40 7 36
40 8 36
40 9 36
40 10 36
40 11 36
40 12 36
40 13 36
40 14 36
40 15 36
40 16 36
40 17 36
40 18 36
40 19 72
40 20 36
40 21 36
40 22 36
40 23 36
40 24 36
40 25 36
40 26 36
40 27 36
40 28 1
40 29 72
40 30 36
40 31 36
40 32 36
40 33 1
40 34 36
40 35 36
40 36 36
40 37 36
40 38 36
40 39 36
40 40 36
40 41 36
40 42 36
40 43 36
40 44 36
40 45 72
40 46 72
40 47 36
40 48 36
40 49 36
40 50 1
40 51 36
40 52 36
40 53 36
40 54 36
40 55 36
40 56 36
40 57 36
40 58 36
40 59 36
40 60 36
40 61 36
40 62 36
40 63 36
41 0 216
41 1 36
41 2 1
41 3 36
41 4 36
41 5 36
41 6 72
41 7 36
41 8 36
41 9 36
41 10 36
41 11 36
41 12 36
41 13 36
41 14 72
41 15 36
41 16 36
41 17 36
41 18 36
41 19 36
41 20 36
41 21 36
41 22 36
41 23 36
41 24 36
41 25 36
41 26 36
41 27 36
41 28 36
41 29 36
41 30 36
41 31 36
41 32 1
41 33 36
41 34 36
41 35 36
41 36 36
41 37 36
41 38 36
41 39 36
41 40 36
41 41 36
41 42 36
41 43 36
41 44 36
41 45 36
41 46 36
41 47 36
41 48 36
41 49 36
41 50 36
41 51 36
41 52 36
41 53 36
41 54 36
41 55 36
41 56 1
41 57 36
41 58 36
41 59 36
41 60 36
41 61 36
41 62 36
41 63 36
42 0 36
42 1 36
42 2 36
42 3 36
42 4 36
42 5 36
42 6 36
42 7 72
42 8 36
42 9 36
42 10 36
42 11 36
42 12 72
42 13 36
42 14 36
42 15 36
42 16 36
42 17 36
42 18 36
42 19 36
42 20 36
42 21 36
42 22 36
42 23 36
42 24 36
42 25 36
42 26 1
42 27 36
42 28 36
42 29 1
42 30 36
42 31 36
42 32 36
42 33 36
42 34 36
42 35 36
42 36 36
42 37 36
42 38 1
42 39 36
42 40 36
42 41 36
42 42 36
42 43 36
42 44 36
42 45 36
42 46 36
42 47 36
42 48 36
42 49 36
42 50 36
42 51 36
42 52 36
42 53 36
42 54 36
42 55 72
42 56 36
42 57 36
42 58 36
42 59 36
42 60 36
42 61 36
42 62 36
42 63 36
43 0 36
43 1 36
43 2 36
43 3 36
43 4 36
43 5 36
43 6 36
43 7 36
43 8 36
43 9 36
43 10 36
43 11 36
43 12 36
43 13 36
43 14 36
43 15 36
43 16 36
43 17 36
43 18 36
43 19 36
43 20 36
43 21 36
43 22 36
43 23 36
43 24 36
43 25 36
43 26 36
43 27 36
43 28 36
43 29 36
43 30 36
43 31 36
43 32 36
43 33 36
43 34 36
43 35 36
43 36 36
43 37 36
43 38 36
43 39 36
43 40 36
43 41 36
43 42 36
43 43 36
43 44 36
43 45 36
43 46 36
43 47 36
43 48 36
43 49 36
43 50 1
43 51 36
43 52 36
43 53 1
43 54 36
43 55 36
43 56 36
43 57 36
43 58 36
43 59 1
43 60 36
43 61 36
43 62 36
43 63 1
44 0 36
44 1 72
44 2 36
44 3 36
44 4 36
44 5 36
44 6 36
44 7 1
44 8 36
44 9 36
44 10 36
44 11 36
44 12 36
44 13 1
44 14 36
44 15 36
44 16 36
44 17 36
44 18 36
44 19 36
44 20 36
44 21 1
44 22 36
44 23 36
44 24 36
44 25 1
44 26 36
44 27 36
44 28 36
44 29 36
44 30 36
44 31 36
44 32 36
44 33 36
44 34 36
44 35 36
44 36 36
44 37 36
44 38 36
44 39 72
44 40 36
44 41 36
44 42 36
44 43 36
44 44 36
44 45 36
44 46 36
44 47 36
44 48 36
44 49 36
44 50 36
44 51 36
44 52 36
44 53 36
44 54 36
44 55 36
44 56 36
44 57 36
44 58 36
44 59 36
44 60 36
44 61 36
44 62 36
44 63 36
45 0 36
45 1 36
45 2 36
45 3 36
45 4 36
45 5 36
45 6 36
45 7 36
45 8 36
45 9 36
45 10 36
45 11 72
45 12 36
45 13 36
45 14 36
45 15 36
45 16 36
45 17 36
45 18 36
45 19 36
45 20 36
45 21 36
45 22 36
45 23 36
45 24 36
45 25 36
45 26 36
45 27 36
45 28 36
45 29 36
45 30 36
45 31 36
45 32 36
45 33 36
45 34 36
45 35 36
45 36 36
45 37 36
45 38 36
45 39 36
45 40 36
45 41 36
45 42 72
45 43 36
45 44 36
45 45 36
45 46 36
45 47 72
45 48 36
45 49 1
45 50 36
45 51 36
45 52 72
45 53 36
45 54 36
45 55 36
45 56 36
45 57 36
45 58 36
45 59 36
45 60 36
45 61 36
45 62 36
45 63 36
46 0 36
46 1 36
46 2 36
46 3 36
46 4 36
46 5 36
46 6 36
46 7 36
46 8 36
46 9 1
46 10 36
46 11 36
46 12 36
46 13 36
46 14 36
46 15 72
46 16 36
46 17 36
46 18 36
46 19 36
46 20 36
46 21 36
46 22 36
46 23 36
46 24 72
46 25 36
46 26 36
46 27 1
46 28 36
46 29 72
46 30 36
46 31 36
46 32 36
46 33 36
46 34 72
46 35 36
46 36 36
46 37 36
46 38 36
46 39 72
46 40 36
46 41 36
46 42 36
46 43 36
46 44 36
46 45 36
46 46 36
46 47 36
46 48 36
46 49 36
46 50 36
46 51 36
46 52 36
46 53 36
46 54 1
46 55 36
46 56 36
46 57 36
46 58 36
46 59 36
46 60 36
46 61 36
46 62 1
46 63 36
47 0 36
47 1 36
47 2 36
47 3 36
47 4 36
47 5 36
47 6 36
47 7 36
47 8 36
47 9 36
47 10 36
47 11 36
47 12 36
47 13 36
47 14 36
47 15 36
47 16 36
47 17 36
47 18 36
47 19 72
47 20 36
47 21 36
47 22 36
47 23 36
47 24 36
47 25 36
47 26 36
47 27 36
47 28 36
47 29 36
47 30 36
47 31 36
47 32 36
47 33 36
47 34 36
47 35 36
47 36 1
47 37 36
47 38 36
47 39 72
47 40 36
47 41 36
47 42 36
47 43 36
47 44 36
47 45 36
47 46 36
47 47 36
47 48 36
47 49 36
47 50 36
47 51 36
47 52 36
47 53 36
47 54 36
47 55 36
47 56 36
47 57 36
47 58 36
47 59 36
47 60 1
47 61 36
47 62 36
47 63 36
48 0 36
48 1 36
48 2 36
48 3 36
48 4 36
48 5 36
48 6 36
48 7 36
48 8 36
48 9 36
48 10 36
48 11 36
48 12 36
48 13 36
48 14 36
48 15 36
48 16 36
48 17 36
48 18 36
48 19 36
48 20 36
48 21 36
48 22 36
48 23 36
48 24 36
48 25 36
48 26 36
48 27 36
48 28 1
48 29 36
48 30 36
48 31 36
48 32 36
48 33 36
48 34 36
48 35 36
48 36 36
48 37 36
48 38 36
48 39 72
48 40 36
48 41 36
48 42 36
48 43 36
48 44 36
48 45 36
48 46 36
48 47 36
48 48 36
48 49 36
48 50 36
48 51 36
48 52 36
48 53 36
48 54 36
48 55 36
48 56 36
48 57 36
48 58 36
48 59 36
48 60 36
48 61 36
48 62 36
48 63 36
49 0 36
49 1 36
49 2 36
49 3 36
49 4 36
49 5 36
49 6 36
49 7 36
49 8 36
49 9 36
49 10 36
49 11 36
49 12 36
49 13 36
49 14 36
49 15 36
49 16 72
49 17 36
49 18 36
49 19 36
49 20 36
49 21 36
49 22 36
49 23 36
49 24 36
49 25 36
49 26 36
49 27 36
49 28 36
49 29 36
49 30 36
49 31 36
49 32 36
49 33 36
49 34 36
49 35 36
49 36 36
49 37 36
49 38 36
49 39 36
49 40 36
49 41 36
49 42 36
49 43 36
49 44 72
49 45 36
49 46 36
49 47 36
49 48 36
49 49 36
49 50 36
49 51 1
49 52 36
49 53 36
49 54 1
49 55 36
49 56 36
49 57 36
49 58 36
49 59 36
49 60 36
49 61 36
49 62 36
49 63 36
50 0 36
50 1 36
50 2 36
50 3 36
50 4 36
50 5 36
50 6 36
50 7 36
50 8 36
50 9 36
50 10 36
50 11 36
50 12 36
50 13 36
50 14 36
50 15 36
50 16 36
50 17 36
50 18 36
50 19 36
50 20 36
50 21 36
50 22 36
50 23 36
50 24 36
50 25 36
50 26 36
50 27 36
50 28 36
50 29 36
50 30 36
50 31 36
50 32 36
50 33 36
50 34 36
50 35 36
50 36 36
50 37 72
50 38 72
50 39 1
50 40 36
50 41 36
50 42 36
50 43 36
50 44 36
50 45 36
50 46 36
50 47 36
50 48 36
50 49 36
50 50 1
50 51 36
50 52 72
50 53 1
50 54 36
50 55 36
50 56 36
50 57 36
50 58 36
50 59 36
50 60 36
50 61 36
50 62 36
50 63 36
51 0 36
51 1 36
51 2 36
51 3 36
51 4 36
51 5 36
51 6 36
51 7 36
51 8 36
51 9 36
51 10 36
51 11 36
51 12 36
51 13 72
51 14 36
51 15 36
51 16 36
51 17 36
51 18 36
51 19 36
51 20 36
51 21 36
51 22 36
51 23 36
51 24 36
51 25 36
51 26 36
51 27 36
51 28 36
51 29 1
51 30 36
51 31 72
51 32 36
51 33 36
51 34 36
51 35 36
51 36 36
51 37 36
51 38 36
51 39 36
51 40 36
51 41 36
51 42 36
51 43 36
51 44 36
51 45 36
51 46 36
51 47 36
51 48 36
51 49 36
51 50 36
51 51 36
51 52 1
51 53 36
51 54 36
51 55 36
51 56 36
51 57 36
51 58 36
51 59 36
51 60 36
51 61 36
51 62 36
51 63 36
52 0 36
52 1 36
52 2 36
52 3 1
52 4 36
52 5 36
52 6 36
52 7 36
52 8 36
52 9 36
52 10 36
52 11 36
52 12 36
52 13 36
52 14 36
52 15 36
52 16 36
52 17 36
52 18 36
52 19 36
52 20 36
52 21 72
52 22 72
52 23 72
52 24 36
52 25 36
52 26 36
52 27 36
52 28 36
52 29 36
52 30 36
52 31 36
52 32 36
52 33 36
52 34 36
52 35 36
52 36 1
52 37 36
52 38 36
52 39 36
52 40 36
52 41 36
52 42 36
52 43 36
52 44 36
52 45 36
52 46 36
52 47 36
52 48 36
52 49 36
52 50 36
52 51 36
52 52 36
52 53 36
52 54 36
52 55 36
52 56 36
52 57 36
52 58 36
52 59 36
52 60 36
52 61 36
52 62 36
52 63 36
53 0 72
53 1 36
53 2 36
53 3 36
53 4 72
53 5 36
53 6 36
53 7 36
53 8 36
53 9 36
53 10 36
53 11 36
53 12 36
53 13 36
53 14 36
53 15 1
53 16 36
53 17 36
53 18 36
53 19 36
53 20 36
53 21 36
53 22 36
53 23 36
53 24 36
53 25 36
53 26 36
53 27 36
53 28 36
53 29 36
53 30 36
53 31 36
53 32 36
53 33 36
53 34 36
53 35 36
53 36 36
53 37 36
53 38 36
53 39 36
53 40 36
53 41 36
53 42 36
53 43 36
53 44 36
53 45 36
53 46 36
53 47 36
53 48 36
53 49 36
53 50 36
53 51 36
53 52 36
53 53 36
53 54 36
53 55 36
53 56 36
53 57 36
53 58 36
53 59 36
53 60 36
53 61 36
53 62 36
53 63 36
54 0 36
54 1 36
54 2 36
54 3 36
54 4 36
54 5 36
54 6 36
54 7 36
54 8 36
54 9 36
54 10 36
54 11 36
54 12 36
54 13 36
54 14 36
54 15 36
54 16 36
54 17 36
54 18 36
54 19 36
54 20 36
54 21 36
54 22 36
54 23 36
54 24 36
54 25 36
54 26 36
54 27 36
54 28 36
54 29 36
54 30 36
54 31 36
54 32 36
54 33 36
54 34 36
54 35 36
54 36 36
54 37 36
54 38 36
54 39 36
54 40 36
54 41 36
54 42 36
54 43 36
54 44 36
54 45 36
54 46 36
54 47 36
54 48 36
54 49 1
54 50 36
54 51 36
54 52 36
54 53 36
54 54 36
54 55 36
54 56 36
54 57 36
54 58 36
54 59 36
54 60 36
54 61 36
54 62 36
54 63 36
55 0 36
55 1 36
55 2 36
55 3 36
55 4 36
55 5 36
55 6 36
55 7 36
55 8 36
55 9 36
55 10 36
55 11 36
55 12 36
55 13 36
55 14 72
55 15 36
55 16 36
55 17 36
55 18 36
55 19 36
55 20 36
55 21 36
55 22 36
55 23 36
55 24 36
55 25 36
55 26 36
55 27 1
55 28 36
55 29 36
55 30 36
55 31 36
55 32 36
55 33 36
55 34 36
55 35 36
55 36 36
55 37 36
55 38 1
55 39 36
55 40 1
55 41 36
55 42 36
55 43 36
55 44 36
55 45 36
55 46 36
55 47 36
55 48 36
55 49 36
55 50 1
55 51 36
55 52 36
55 53 36
55 54 36
55 55 36
55 56 36
55 57 36
55 58 36
55 59 36
55 60 36
55 61 36
55 62 36
55 63 1
56 0 36
56 1 36
56 2 36
56 3 36
56 4 36
56 5 1
56 6 36
56 7 36
56 8 36
56 9 36
56 10 36
56 11 36
56 12 72
56 13 36
56 14 36
56 15 36
56 16 36
56 17 36
56 18 36
56 19 72
56 20 36
56 21 36
56 22 36
56 23 36
56 24 36
56 25 36
56 26 36
56 27 36
56 28 36
56 29 36
56 30 36
56 31 36
56 32 1
56 33 36
56 34 36
56 35 36
56 36 36
56 37 36
56 38 36
56 39 36
56 40 36
56 41 36
56 42 36
56 43 36
56 44 36
56 45 36
56 46 36
56 47 36
56 48 36
56 49 36
56 50 36
56 51 1
56 52 36
56 53 36
56 54 36
56 55 36
56 56 36
56 57 36
56 58 36
56 59 36
56 60 36
56 61 1
56 62 72
56 63 1
57 0 36
57 1 36
57 2 36
57 3 1
57 4 36
57 5 36
57 6 36
57 7 36
57 8 36
57 9 36
57 10 36
57 11 36
57 12 36
57 13 36
57 14 36
57 15 36
57 16 36
57 17 36
57 18 36
57 19 36
57 20 36
57 21 36
57 22 36
57 23 36
57 24 36
57 25 36
57 26 36
57 27 36
57 28 36
57 29 36
57 30 36
57 31 36
57 32 36
57 33 36
57 34 36
57 35 36
57 36 36
57 37 36
57 38 1
57 39 36
57 40 36
57 41 36
57 42 72
57 43 36
57 44 36
57 45 36
57 46 36
57 47 36
57 48 36
57 49 36
57 50 36
57 51 36
57 52 36
57 53 36
57 54 36
57 55 36
57 56 36
57 57 36
57 58 36
57 59 36
57 60 36
57 61 36
57 62 36
57 63 36
58 0 36
58 1 36
58 2 36
58 3 36
58 4 36
58 5 36
58 6 36
58 7 36
58 8 36
58 9 36
58 10 72
58 11 36
58 12 36
58 13 36
58 14 36
58 15 36
58 16 36
58 17 36
58 18 36
58 19 36
58 20 36
58 21 36
58 22 36
58 23 36
58 24 36
58 25 36
58 26 36
58 27 36
58 28 36
58 29 36
58 30 36
58 31 36
58 32 36
58 33 36
58 34 36
58 35 36
58 36 36
58 37 36
58 38 36
58 39 36
58 40 36
58 41 36
58 42 36
58 43 72
58 44 36
58 45 36
58 46 36
58 47 36
58 48 36
58 49 36
58 50 36
58 51 36
58 52 36
58 53 1
58 54 36
58 55 36
58 56 36
58 57 36
58 58 36
58 59 36
58 60 36
58 61 36
58 62 36
58 63 36
59 0 36
59 1 36
59 2 36
59 3 36
59 4 36
59 5 36
59 6 36
59 7 36
59 8 36
59 9 36
59 10 36
59 11 36
59 12 36
59 13 36
59 14 36
59 15 36
59 16 36
59 17 36
59 18 36
59 19 36
59 20 36
59 21 36
59 22 36
59 23 36
59 24 36
59 25 36
59 26 36
59 27 36
59 28 36
59 29 36
59 30 36
59 31 36
59 32 36
59 33 36
59 34 36
59 35 36
59 36 36
59 37 36
59 38 36
59 39 36
59 40 36
59 41 36
59 42 36
59 43 36
59 44 36
59 45 36
59 46 36
59 47 36
59 48 36
59 49 36
59 50 36
59 51 36
59 52 36
59 53 1
59 54 1
59 55 36
59 56 36
59 57 36
59 58 72
59 59 36
59 60 36
59 61 36
59 62 36
59 63 36
60 0 36
60 1 36
60 2 36
60 3 1
60 4 36
60 5 36
60 6 36
60 7 36
60 8 36
60 9 36
60 10 36
60 11 36
60 12 36
60 13 36
60 14 1
60 15 36
60 16 36
60 17 36
60 18 36
60 19 36
60 20 36
60 21 36
60 22 36
60 23 36
60 24 36
60 25 36
60 26 1
60 27 36
60 28 36
60 29 36
60 30 36
60 31 36
60 32 36
60 33 36
60 34 36
60 35 36
60 36 36
60 37 1
60 38 36
60 39 36
60 40 36
60 41 36
60 42 36
60 43 36
60 44 36
60 45 36
60 46 36
60 47 36
60 48 36
60 49 36
60 50 36
60 51 36
60 52 36
60 53 36
60 54 36
60 55 36
60 56 36
60 57 36
60 58 36
60 59 36
60 60 36
60 61 72
60 62 36
60 63 36
61 0 36
61 1 36
61 2 36
61 3 36
61 4 36
61 5 36
61 6 36
61 7 36
61 8 36
61 9 36
61 10 36
61 11 36
61 12 36
61 13 36
61 14 72
61 15 72
61 16 36
61 17 72
61 18 72
61 19 36
61 20 72
61 21 36
61 22 36
61 23 36
61 24 36
61 25 36
61 26 36
61 27 1
61 28 36
61 29 36
61 30 36
61 31 36
61 32 36
61 33 36
61 34 36
61 35 36
61 36 36
61 37 36
61 38 36
61 39 36
61 40 36
61 41 36
61 42 36
61 43 36
61 44 36
61 45 36
61 46 36
61 47 36
61 48 36
61 49 36
61 50 36
61 51 36
61 52 36
61 53 36
61 54 36
61 55 36
61 56 36
61 57 36
61 58 36
61 59 36
61 60 1
61 61 36
61 62 36
61 63 36
62 0 36
62 1 36
62 2 36
62 3 36
62 4 36
62 5 36
62 6 36
62 7 36
62 8 36
62 9 36
62 10 36
62 11 36
62 12 36
62 13 36
62 14 36
62 15 36
62 16 72
62 17 36
62 18 36
62 19 36
62 20 36
62 21 36
62 22 36
62 23 36
62 24 36
62 25 36
62 26 36
62 27 36
62 28 36
62 29 1
62 30 36
62 31 36
62 32 36
62 33 36
62 34 36
62 35 36
62 36 36
62 37 36
62 38 36
62 39 36
62 40 36
62 41 36
62 42 36
62 43 36
62 44 36
62 45 36
62 46 36
62 47 36
62 48 36
62 49 36
62 50 36
62 51 36
62 52 1
62 53 36
62 54 36
62 55 36
62 56 36
62 57 36
62 58 36
62 59 36
62 60 36
62 61 36
62 62 36
62 63 36
63 0 72
63 1 36
63 2 36
63 3 36
63 4 36
63 5 36
63 6 36
63 7 36
63 8 36
63 9 72
63 10 36
63 11 72
63 12 36
63 13 36
63 14 36
63 15 36
63 16 36
63 17 72
63 18 36
63 19 36
63 20 72
63 21 72
63 22 72
63 23 36
63 24 36
63 25 36
63 26 1
63 27 36
63 28 36
63 29 36
63 30 36
63 31 36
63 32 36
63 33 36
63 34 36
63 35 36
63 36 36
63 37 36
63 38 36
63 39 36
63 40 36
63 41 36
63 42 36
63 43 36
63 44 36
63 45 36
63 46 36
63 47 36
63 48 36
63 49 36
63 50 36
63 51 36
63 52 36
63 53 36
63 54 36
63 55 36
63 56 36
63 57 72
63 58 36
63 59 36
63 60 36
63 61 72
63 62 36
63 63 72
64 0 36
64 1 36
64 2 36
64 3 1
64 4 36
64 5 36
64 6 36
64 7 36
64 8 36
64 9 36
64 10 36
64 11 36
64 12 36
64 13 36
64 14 36
64 15 36
64 16 36
64 17 36
64 18 36
64 19 36
64 20 36
64 21 36
64 22 36
64 23 1
64 24 1
64 25 36
64 26 36
64 27 36
64 28 36
64 29 36
64 30 36
64 31 36
64 32 1
64 33 36
64 34 36
64 35 36
64 36 36
64 37 36
64 38 36
64 39 36
64 40 36
64 41 36
64 42 72
64 43 36
64 44 36
64 45 36
64 46 36
64 47 36
64 48 36
64 49 36
64 50 36
64 51 36
64 52 36
64 53 36
64 54 36
64 55 36
64 56 36
64 57 36
64 58 36
64 59 36
64 60 36
64 61 36
64 62 36
64 63 36
65 0 36
65 1 72
65 2 72
65 3 36
65 4 72
65 5 36
65 6 36
65 7 36
65 8 36
65 9 36
65 10 72
65 11 72
65 12 72
65 13 72
65 14 36
65 15 36
65 16 72
65 17 36
65 18 36
65 19 36
65 20 36
65 21 36
65 22 72
65 23 36
65 24 36
65 25 72
65 26 36
65 27 36
65 28 36
65 29 36
65 30 36
65 31 36
65 32 36
65 33 36
65 34 36
65 35 36
65 36 36
65 37 36
65 38 72
65 39 72
65 40 36
65 41 36
65 42 36
65 43 36
65 44 72
65 45 36
65 46 36
65 47 36
65 48 36
65 49 36
65 50 36
65 51 36
65 52 36
65 53 1
65 54 36
65 55 36
65 56 36
65 57 36
65 58 36
65 59 36
65 60 36
65 61 36
65 62 36
65 63 36
66 0 36
66 1 36
66 2 36
66 3 1
66 4 36
66 5 36
66 6 36
66 7 36
66 8 36
66 9 36
66 10 1
66 11 36
66 12 36
66 13 36
66 14 36
66 15 36
66 16 36
66 17 36
66 18 36
66 19 72
66 20 36
66 21 36
66 22 36
66 23 36
66 24 36
66 25 36
66 26 36
66 27 36
66 28 72
66 29 36
66 30 36
66 31 36
66 32 36
66 33 36
66 34 36
66 35 1
66 36 36
66 37 1
66 38 72
66 39 72
66 40 72
66 41 36
66 42 36
66 43 36
66 44 36
66 45 36
66 46 36
66 47 36
66 48 36
66 49 36
66 50 36
66 51 36
66 52 36
66 53 36
66 54 36
66 55 36
66 56 36
66 57 36
66 58 36
66 59 36
66 60 1
66 61 36
66 62 36
66 63 36
67 0 36
67 1 36
67 2 36
67 3 72
67 4 36
67 5 36
67 6 36
67 7 36
67 8 36
67 9 36
67 10 72
67 11 36
67 12 36
67 13 36
67 14 36
67 15 36
67 16 36
67 17 36
67 18 36
67 19 36
67 20 36
67 21 36
67 22 36
67 23 36
67 24 36
67 25 72
67 26 72
67 27 36
67 28 36
67 29 36
67 30 72
67 31 36
67 32 36
67 33 36
67 34 72
67 35 36
67 36 1
67 37 36
67 38 36
67 39 36
67 40 36
67 41 36
67 42 36
67 43 36
67 44 36
67 45 36
67 46 36
67 47 36
67 48 36
67 49 36
67 50 36
67 51 1
67 52 36
67 53 36
67 54 36
67 55 36
67 56 36
67 57 36
67 58 36
67 59 36
67 60 36
67 61 36
67 62 36
67 63 36
68 0 36
68 1 36
68 2 36
68 3 36
68 4 36
68 5 36
68 6 36
68 7 36
68 8 36
68 9 36
68 10 36
68 11 72
68 12 36
68 13 36
68 14 36
68 15 36
68 16 36
68 17 36
68 18 36
68 19 36
68 20 36
68 21 72
68 22 36
68 23 36
68 24 36
68 25 36
68 26 36
68 27 36
68 28 36
68 29 36
68 30 72
68 31 36
68 32 72
68 33 36
68 34 36
68 35 36
68 36 36
68 37 36
68 38 36
68 39 36
68 40 36
68 41 36
68 42 36
68 43 36
68 44 36
68 45 36
68 46 36
68 47 36
68 48 1
68 49 36
68 50 36
68 51 36
68 52 36
68 53 36
68 54 36
68 55 36
68 56 36
68 57 36
68 58 36
68 59 36
68 60 36
68 61 36
68 62 36
68 63 36
69 0 36
69 1 36
69 2 36
69 3 36
69 4 36
69 5 36
69 6 36
69 7 36
69 8 36
69 9 36
69 10 72
69 11 36
69 12 72
69 13 36
69 14 36
69 15 36
69 16 36
69 17 36
69 18 36
69 19 36
69 20 36
69 21 36
69 22 36
69 23 36
69 24 36
69 25 72
69 26 36
69 27 36
69 28 36
69 29 1
69 30 36
69 31 36
69 32 36
69 33 36
69 34 36
69 35 36
69 36 36
69 37 36
69 38 36
69 39 36
69 40 36
69 41 36
69 42 36
69 43 36
69 44 36
69 45 36
69 46 36
69 47 36
69 48 72
69 49 36
69 50 36
69 51 36
69 52 36
69 53 36
69 54 36
69 55 36
69 56 36
69 57 36
69 58 36
69 59 36
69 60 36
69 61 36
69 62 1
69 63 36
70 0 36
70 1 36
70 2 36
70 3 36
70 4 36
70 5 36
70 6 36
70 7 36
70 8 36
70 9 36
70 10 36
70 11 36
70 12 36
70 13 36
70 14 36
70 15 36
70 16 36
70 17 36
70 18 36
70 19 36
70 20 36
70 21 36
70 22 36
70 23 36
70 24 36
70 25 36
70 26 36
70 27 36
70 28 36
70 29 36
70 30 72
70 31 36
70 32 36
70 33 36
70 34 36
70 35 36
70 36 72
70 37 36
70 38 36
70 39 36
70 40 36
70 41 36
70 42 36
70 43 36
70 44 36
70 45 36
70 46 36
70 47 36
70 48 36
70 49 36
70 50 36
70 51 36
70 52 36
70 53 36
70 54 36
70 55 36
70 56 36
70 57 36
70 58 1
70 59 36
70 60 36
70 61 36
70 62 36
70 63 36
71 0 36
71 1 36
71 2 36
71 3 36
71 4 36
71 5 36
71 6 36
71 7 36
71 8 36
71 9 36
71 10 36
71 11 36
71 12 36
71 13 36
71 14 36
71 15 36
71 16 36
71 17 36
71 18 36
71 19 36
71 20 36
71 21 36
71 22 36
71 23 36
71 24 36
71 25 36
71 26 36
71 27 1
71 28 36
71 29 36
71 30 36
71 31 36
71 32 36
71 33 36
71 34 36
71 35 36
71 36 36
71 37 1
71 38 36
71 39 36
71 40 36
71 41 36
71 42 36
71 43 36
71 44 36
71 45 72
71 46 36
71 47 36
71 48 36
71 49 36
71 50 1
71 51 1
71 52 36
71 53 36
71 54 36
71 55 36
71 56 36
71 57 36
71 58 36
71 59 36
71 60 1
71 61 36
71 62 36
71 63 36
72 0 36
72 1 36
72 2 36
72 3 36
72 4 36
72 5 36
72 6 36
72 7 36
72 8 36
72 9 36
72 10 36
72 11 36
72 12 36
72 13 36
72 14 36
72 15 36
72 16 36
72 17 36
72 18 36
72 19 36
72 20 36
72 21 36
72 22 36
72 23 36
72 24 36
72 25 36
72 26 36
72 27 36
72 28 36
72 29 36
72 30 36
72 31 36
72 32 36
72 33 36
72 34 36
72 35 36
72 36 36
72 37 36
72 38 36
72 39 36
72 40 36
72 41 36
72 42 1
72 43 36
72 44 36
72 45 36
72 46 36
72 47 36
72 48 36
72 49 1
72 50 36
72 51 36
72 52 36
72 53 36
72 54 36
72 55 36
72 56 36
72 57 36
72 58 36
72 59 36
72 60 36
72 61 36
72 62 72
72 63 72
73 0 36
73 1 36
73 2 36
73 3 36
73 4 36
73 5 36
73 6 36
73 7 36
73 8 36
73 9 72
73 10 36
73 11 36
73 12 36
73 13 36
73 14 36
73 15 36
73 16 36
73 17 36
73 18 36
73 19 72
73 20 36
73 21 36
73 22 72
73 23 36
73 24 36
73 25 72
73 26 36
73 27 36
73 28 36
73 29 36
73 30 36
73 31 36
73 32 36
73 33 36
73 34 36
73 35 36
73 36 36
73 37 36
73 38 1
73 39 36
73 40 36
73 41 36
73 42 36
73 43 36
73 44 36
73 45 36
73 46 72
73 47 36
73 48 36
73 49 36
73 50 36
73 51 36
73 52 36
73 53 36
73 54 36
73 55 36
73 56 36
73 57 36
73 58 36
73 59 36
73 60 36
73 61 36
73 62 36
73 63 36
74 0 36
74 1 36
74 2 1
74 3 36
74 4 36
74 5 36
74 6 36
74 7 36
74 8 36
74 9 36
74 10 36
74 11 36
74 12 36
74 13 36
74 14 36
74 15 36
74 16 36
74 17 36
74 18 36
74 19 36
74 20 36
74 21 36
74 22 36
74 23 36
74 24 72
74 25 36
74 26 36
74 27 36
74 28 36
74 29 36
74 30 36
74 31 36
74 32 36
74 33 36
74 34 36
74 35 36
74 36 1
74 37 36
74 38 36
74 39 36
74 40 36
74 41 36
74 42 36
74 43 72
74 44 36
74 45 36
74 46 36
74 47 36
74 48 72
74 49 36
74 50 36
74 51 36
74 52 36
74 53 36
74 54 36
74 55 36
74 56 36
74 57 36
74 58 36
74 59 36
74 60 36
74 61 36
74 62 36
74 63 36
75 0 36
75 1 36
75 2 36
75 3 36
75 4 36
75 5 36
75 6 36
75 7 36
75 8 36
75 9 36
75 10 36
75 11 36
75 12 1
75 13 36
75 14 36
75 15 36
75 16 72
75 17 36
75 18 36
75 19 36
75 20 36
75 21 36
75 22 36
75 23 36
75 24 36
75 25 36
75 26 36
75 27 36
75 28 36
75 29 36
75 30 36
75 31 72
75 32 36
75 33 36
75 34 36
75 35 36
75 36 36
75 37 36
75 38 36
75 39 36
75 40 1
75 41 36
75 42 36
75 43 36
75 44 36
75 45 36
75 46 36
75 47 36
75 48 36
75 49 36
75 50 36
75 51 36
75 52 36
75 53 36
75 54 36
75 55 36
75 56 36
75 57 36
75 58 36
75 59 36
75 60 36
75 61 36
75 62 36
75 63 36
76 0 36
76 1 36
76 2 36
76 3 36
76 4 36
76 5 36
76 6 36
76 7 36
76 8 36
76 9 36
76 10 72
76 11 36
76 12 72
76 13 36
76 14 36
76 15 36
76 16 36
76 17 36
76 18 36
76 19 36
76 20 36
76 21 36
76 22 36
76 23 36
76 24 36
76 25 36
76 26 36
76 27 36
76 28 36
76 29 36
76 30 36
76 31 36
76 32 36
76 33 36
76 34 36
76 35 36
76 36 36
76 37 36
76 38 36
76 39 36
76 40 36
76 41 36
76 42 36
76 43 36
76 44 36
76 45 36
76 46 36
76 47 36
76 48 36
76 49 1
76 50 36
76 51 36
76 52 36
76 53 36
76 54 36
76 55 36
76 56 36
76 57 36
76 58 36
76 59 36
76 60 36
76 61 36
76 62 36
76 63 36
77 0 36
77 1 1
77 2 36
77 3 36
77 4 1
77 5 36
77 6 36
77 7 72
77 8 36
77 9 36
77 10 36
77 11 36
77 12 36
77 13 72
77 14 36
77 15 36
77 16 36
77 17 1
77 18 36
77 19 36
77 20 36
77 21 36
77 22 36
77 23 36
77 24 36
77 25 36
77 26 36
77 27 36
77 28 36
77 29 36
77 30 36
77 31 36
77 32 36
77 33 36
77 34 36
77 35 36
77 36 36
77 37 36
77 38 36
77 39 36
77 40 36
77 41 36
77 42 36
77 43 36
77 44 36
77 45 36
77 46 36
77 47 36
77 48 36
77 49 36
77 50 36
77 51 36
77 52 36
77 53 36
77 54 72
77 55 36
77 56 36
77 57 36
77 58 36
77 59 36
77 60 36
77 61 36
77 62 36
77 63 36
78 0 1
78 1 36
78 2 36
78 3 72
78 4 36
78 5 72
78 6 36
78 7 36
78 8 36
78 9 36
78 10 36
78 11 36
78 12 36
78 13 36
78 14 36
78 15 1
78 16 36
78 17 36
78 18 36
78 19 36
78 20 36
78 21 36
78 22 36
78 23 36
78 24 36
78 25 36
78 26 36
78 27 36
78 28 36
78 29 36
78 30 36
78 31 36
78 32 36
78 33 36
78 34 36
78 35 36
78 36 36
78 37 72
78 38 36
78 39 36
78 40 36
78 41 36
78 42 36
78 43 36
78 44 36
78 45 36
78 46 36
78 47 36
78 48 36
78 49 36
78 50 36
78 51 36
78 52 36
78 53 36
78 54 36
78 55 36
78 56 36
78 57 36
78 58 1
78 59 1
78 60 36
78 61 36
78 62 36
78 63 36
79 0 36
79 1 36
79 2 36
79 3 36
79 4 36
79 5 36
79 6 36
79 7 36
79 8 36
79 9 36
79 10 36
79 11 36
79 12 36
79 13 36
79 14 36
79 15 36
79 16 36
79 17 36
79 18 36
79 19 36
79 20 36
79 21 36
79 22 36
79 23 36
79 24 36
79 25 36
79 26 36
79 27 36
79 28 36
79 29 36
79 30 36
79 31 36
79 32 36
79 33 36
79 34 36
79 35 36
79 36 36
79 37 36
79 38 36
79 39 36
79 40 36
79 41 36
79 42 36
79 43 36
79 44 36
79 45 36
79 46 36
79 47 36
79 48 36
79 49 36
79 50 36
79 51 1
79 52 36
79 53 36
79 54 36
79 55 36
79 56 36
79 57 36
79 58 1
79 59 36
79 60 1
79 61 36
79 62 36
79 63 36
80 0 36
80 1 36
80 2 36
80 3 36
80 4 36
80 5 36
80 6 36
80 7 1
80 8 72
80 9 36
80 10 36
80 11 36
80 12 36
80 13 36
80 14 36
80 15 36
80 16 36
80 17 36
80 18 36
80 19 36
80 20 36
80 21 36
80 22 36
80 23 36
80 24 36
80 25 36
80 26 36
80 27 36
80 28 36
80 29 1
80 30 36
80 31 36
80 32 36
80 33 36
80 34 36
80 35 72
80 36 36
80 37 36
80 38 36
80 39 36
80 40 36
80 41 36
80 42 36
80 43 36
80 44 36
80 45 36
80 46 36
80 47 36
80 48 36
80 49 1
80 50 36
80 51 36
80 52 36
80 53 36
80 54 36
80 55 36
80 56 36
80 57 36
80 58 36
80 59 72
80 60 36
80 61 36
80 62 1
80 63 36
81 0 36
81 1 1
81 2 36
81 3 36
81 4 36
81 5 36
81 6 1
81 7 1
81 8 1
81 9 1
81 10 36
81 11 36
81 12 36
81 13 36
81 14 72
81 15 72
81 16 36
81 17 72
81 18 72
81 19 72
81 20 36
81 21 36
81 22 36
81 23 36
81 24 36
81 25 36
81 26 36
81 27 36
81 28 36
81 29 36
81 30 36
81 31 36
81 32 36
81 33 36
81 34 36
81 35 36
81 36 36
81 37 36
81 38 36
81 39 36
81 40 36
81 41 36
81 42 36
81 43 36
81 44 36
81 45 36
81 46 36
81 47 36
81 48 36
81 49 36
81 50 36
81 51 36
81 52 36
81 53 36
81 54 36
81 55 36
81 56 36
81 57 36
81 58 36
81 59 36
81 60 36
81 61 1
81 62 36
81 63 36
82 0 36
82 1 36
82 2 36
82 3 36
82 4 36
82 5 36
82 6 36
82 7 1
82 8 36
82 9 36
82 10 36
82 11 72
82 12 36
82 13 36
82 14 36
82 15 36
82 16 36
82 17 36
82 18 36
82 19 36
82 20 36
82 21 36
82 22 36
82 23 36
82 24 36
82 25 36
82 26 36
82 27 36
82 28 36
82 29 36
82 30 36
82 31 36
82 32 36
82 33 36
82 34 36
82 35 36
82 36 36
82 37 36
82 38 36
82 39 36
82 40 36
82 41 36
82 42 36
82 43 36
82 44 36
82 45 36
82 46 36
82 47 36
82 48 36
82 49 36
82 50 36
82 51 36
82 52 36
82 53 36
82 54 36
82 55 36
82 56 36
82 57 36
82 58 36
82 59 72
82 60 36
82 61 36
82 62 36
82 63 36
83 0 36
83 1 72
83 2 36
83 3 36
83 4 36
83 5 36
83 6 36
83 7 36
83 8 36
83 9 36
83 10 36
83 11 36
83 12 36
83 13 36
83 14 36
83 15 36
83 16 36
83 17 36
83 18 36
83 19 36
83 20 36
83 21 36
83 22 36
83 23 36
83 24 36
83 25 72
83 26 1
83 27 36
83 28 36
83 29 1
83 30 36
83 31 36
83 32 36
83 33 36
83 34 36
83 35 36
83 36 1
83 37 36
83 38 36
83 39 36
83 40 36
83 41 36
83 42 36
83 43 36
83 44 36
83 45 36
83 46 36
83 47 36
83 48 36
83 49 36
83 50 36
83 51 36
83 52 36
83 53 1
83 54 36
83 55 36
83 56 36
83 57 36
83 58 36
83 59 36
83 60 36
83 61 36
83 62 1
83 63 36
84 0 36
84 1 1
84 2 36
84 3 36
84 4 36
84 5 36
84 6 36
84 7 36
84 8 36
84 9 36
84 10 72
84 11 36
84 12 36
84 13 36
84 14 36
84 15 36
84 16 36
84 17 36
84 18 36
84 19 36
84 20 36
84 21 36
84 22 36
84 23 36
84 24 36
84 25 36
84 26 36
84 27 36
84 28 36
84 29 36
84 30 36
84 31 36
84 32 36
84 33 36
84 34 36
84 35 36
84 36 36
84 37 36
84 38 36
84 39 36
84 40 36
84 41 36
84 42 36
84 43 36
84 44 36
84 45 36
84 46 36
84 47 36
84 48 36
84 49 36
84 50 36
84 51 36
84 52 1
84 53 36
84 54 36
84 55 36
84 56 36
84 57 36
84 58 36
84 59 36
84 60 36
84 61 36
84 62 36
84 63 36
85 0 36
85 1 36
85 2 36
85 3 36
85 4 36
85 5 36
85 6 1
85 7 1
85 8 1
85 9 36
85 10 36
85 11 36
85 12 36
85 13 36
85 14 36
85 15 36
85 16 36
85 17 36
85 18 36
85 19 36
85 20 36
85 21 72
85 22 36
85 23 36
85 24 36
85 25 36
85 26 36
85 27 36
85 28 36
85 29 36
85 30 1
85 31 36
85 32 36
85 33 36
85 34 36
85 35 36
85 36 36
85 37 72
85 38 36
85 39 36
85 40 36
85 41 36
85 42 36
85 43 36
85 44 36
85 45 36
85 46 36
85 47 72
85 48 36
85 49 36
85 50 36
85 51 1
85 52 36
85 53 36
85 54 36
85 55 36
85 56 36
85 57 36
85 58 36
85 59 36
85 60 36
85 61 36
85 62 36
85 63 36
86 0 36
86 1 36
86 2 36
86 3 36
86 4 36
86 5 36
86 6 36
86 7 36
86 8 36
86 9 72
86 10 36
86 11 36
86 12 36
86 13 36
86 14 36
86 15 36
86 16 72
86 17 36
86 18 36
86 19 36
86 20 36
86 21 36
86 22 36
86 23 36
86 24 36
86 25 36
86 26 36
86 27 36
86 28 36
86 29 36
86 30 36
86 31 36
86 32 36
86 33 36
86 34 72
86 35 36
86 36 36
86 37 36
86 38 36
86 39 36
86 40 36
86 41 36
86 42 36
86 43 36
86 44 36
86 45 36
86 46 36
86 47 1
86 48 36
86 49 36
86 50 36
86 51 36
86 52 36
86 53 36
86 54 36
86 55 36
86 56 36
86 57 36
86 58 36
86 59 36
86 60 36
86 61 36
86 62 36
86 63 36
87 0 36
87 1 36
87 2 36
87 3 36
87 4 36
87 5 36
87 6 72
87 7 36
87 8 36
87 9 36
87 10 36
87 11 36
87 12 36
87 13 36
87 14 36
87 15 36
87 16 36
87 17 72
87 18 72
87 19 36
87 20 1
87 21 36
87 22 36
87 23 36
87 24 36
87 25 36
87 26 36
87 27 36
87 28 1
87 29 36
87 30 36
87 31 36
87 32 36
87 33 36
87 34 36
87 35 36
87 36 36
87 37 36
87 38 1
87 39 36
87 40 36
87 41 72
87 42 36
87 43 36
87 44 36
87 45 36
87 46 36
87 47 36
87 48 36
87 49 36
87 50 36
87 51 36
87 52 36
87 53 36
87 54 36
87 55 36
87 56 36
87 57 36
87 58 36
87 59 36
87 60 36
87 61 36
87 62 36
87 63 36
88 0 36
88 1 36
88 2 36
88 3 36
88 4 36
88 5 36
88 6 36
88 7 36
88 8 36
88 9 36
88 10 36
88 11 36
88 12 36
88 13 36
88 14 36
88 15 36
88 16 36
88 17 72
88 18 36
88 19 72
88 20 36
88 21 36
88 22 36
88 23 36
88 24 36
88 25 36
88 26 36
88 27 36
88 28 36
88 29 36
88 30 36
88 31 36
88 32 36
88 33 36
88 34 36
88 35 36
88 36 36
88 37 36
88 38 36
88 39 36
88 40 36
88 41 36
88 42 36
88 43 36
88 44 1
88 45 36
88 46 36
88 47 36
88 48 36
88 49 36
88 50 36
88 51 36
88 52 36
88 53 1
88 54 36
88 55 36
88 56 36
88 57 36
88 58 36
88 59 36
88 60 36
88 61 36
88 62 36
88 63 36
89 0 36
89 1 36
89 2 36
89 3 36
89 4 36
89 5 36
89 6 36
89 7 36
89 8 36
89 9 36
89 10 36
89 11 36
89 12 36
89 13 36
89 14 36
89 15 36
89 16 1
89 17 36
89 18 36
89 19 36
89 20 36
89 21 36
89 22 36
89 23 36
89 24 36
89 25 36
89 26 36
89 27 1
89 28 36
89 29 36
89 30 36
89 31 36
89 32 36
89 33 36
89 34 36
89 35 36
89 36 1
89 37 1
89 38 36
89 39 36
89 40 36
89 41 36
89 42 36
89 43 36
89 44 36
89 45 36
89 46 36
89 47 36
89 48 36
89 49 36
89 50 36
89 51 36
89 52 36
89 53 36
89 54 36
89 55 36
89 56 36
89 57 36
89 58 36
89 59 36
89 60 36
89 61 36
89 62 72
89 63 36
90 0 72
90 1 36
90 2 36
90 3 36
90 4 36
90 5 1
90 6 36
90 7 36
90 8 1
90 9 36
90 10 36
90 11 36
90 12 36
90 13 72
90 14 36
90 15 36
90 16 36
90 17 36
90 18 36
90 19 36
90 20 36
90 21 36
90 22 36
90 23 36
90 24 36
90 25 36
90 26 36
90 27 36
90 28 36
90 29 36
90 30 36
90 31 36
90 32 36
90 33 36
90 34 36
90 35 36
90 36 36
90 37 36
90 38 36
90 39 36
90 40 36
90 41 36
90 42 36
90 43 36
90 44 36
90 45 36
90 46 36
90 47 36
90 48 36
90 49 36
90 50 36
90 51 1
90 52 36
90 53 36
90 54 36
90 55 36
90 56 36
90 57 36
90 58 36
90 59 36
90 60 36
90 61 36
90 62 36
90 63 36
91 0 36
91 1 36
91 2 36
91 3 36
91 4 36
91 5 36
91 6 36
91 7 1
91 8 36
91 9 36
91 10 72
91 11 36
91 12 36
91 13 36
91 14 36
91 15 36
91 16 36
91 17 36
91 18 36
91 19 36
91 20 36
91 21 36
91 22 36
91 23 36
91 24 36
91 25 1
91 26 36
91 27 36
91 28 36
91 29 36
91 30 36
91 31 36
91 32 36
91 33 36
91 34 36
91 35 36
91 36 36
91 37 36
91 38 36
91 39 36
91 40 36
91 41 36
91 42 36
91 43 36
91 44 36
91 45 36
91 46 36
91 47 36
91 48 72
91 49 36
91 50 36
91 51 36
91 52 36
91 53 36
91 54 36
91 55 36
91 56 36
91 57 36
91 58 36
91 59 36
91 60 36
91 61 36
91 62 36
91 63 36
92 0 72
92 1 72
92 2 36
92 3 36
92 4 36
92 5 36
92 6 36
92 7 1
92 8 36
92 9 36
92 10 36
92 11 36
92 12 36
92 13 72
92 14 36
92 15 36
92 16 72
92 17 36
92 18 36
92 19 36
92 20 72
92 21 36
92 22 36
92 23 36
92 24 36
92 25 36
92 26 36
92 27 36
92 28 1
92 29 36
92 30 36
92 31 36
92 32 36
92 33 36
92 34 36
92 35 36
92 36 36
92 37 36
92 38 36
92 39 36
92 40 36
92 41 36
92 42 36
92 43 36
92 44 36
92 45 36
92 46 72
92 47 36
92 48 36
92 49 36
92 50 36
92 51 36
92 52 36
92 53 36
92 54 36
92 55 36
92 56 36
92 57 36
92 58 36
92 59 36
92 60 36
92 61 36
92 62 36
92 63 36
93 0 36
93 1 36
93 2 36
93 3 1
93 4 36
93 5 36
93 6 36
93 7 36
93 8 36
93 9 36
93 10 36
93 11 36
93 12 36
93 13 36
93 14 36
93 15 36
93 16 36
93 17 36
93 18 36
93 19 36
93 20 72
93 21 36
93 22 36
93 23 36
93 24 36
93 25 1
93 26 72
93 27 36
93 28 36
93 29 36
93 30 36
93 31 36
93 32 36
93 33 36
93 34 36
93 35 36
93 36 36
93 37 36
93 38 36
93 39 36
93 40 36
93 41 36
93 42 36
93 43 36
93 44 36
93 45 36
93 46 36
93 47 36
93 48 36
93 49 36
93 50 36
93 51 36
93 52 36
93 53 36
93 54 36
93 55 36
93 56 36
93 57 36
93 58 36
93 59 36
93 60 36
93 61 36
93 62 36
93 63 36
94 0 36
94 1 36
94 2 36
94 3 36
94 4 36
94 5 36
94 6 36
94 7 36
94 8 1
94 9 36
94 10 36
94 11 72
94 12 36
94 13 36
94 14 36
94 15 1
94 16 1
94 17 36
94 18 36
94 19 36
94 20 36
94 21 1
94 22 36
94 23 36
94 24 36
94 25 36
94 26 36
94 27 36
94 28 36
94 29 36
94 30 36
94 31 36
94 32 36
94 33 36
94 34 36
94 35 36
94 36 36
94 37 36
94 38 72
94 39 36
94 40 36
94 41 36
94 42 36
94 43 36
94 44 36
94 45 36
94 46 36
94 47 36
94 48 36
94 49 36
94 50 36
94 51 36
94 52 36
94 53 36
94 54 36
94 55 36
94 56 36
94 57 36
94 58 1
94 59 36
94 60 36
94 61 36
94 62 36
94 63 36
95 0 36
95 1 36
95 2 1
95 3 36
95 4 36
95 5 36
95 6 36
95 7 1
95 8 36
95 9 36
95 10 36
95 11 36
95 12 36
95 13 36
95 14 36
95 15 36
95 16 36
95 17 72
95 18 36
95 19 36
95 20 36
95 21 36
95 22 36
95 23 36
95 24 36
95 25 36
95 26 36
95 27 36
95 28 36
95 29 36
95 30 36
95 31 36
95 32 1
95 33 36
95 34 36
95 35 36
95 36 36
95 37 36
95 38 36
95 39 36
95 40 36
95 41 36
95 42 36
95 43 36
95 44 36
95 45 1
95 46 36
95 47 36
95 48 36
95 49 36
95 50 36
95 51 36
95 52 36
95 53 36
95 54 36
95 55 36
95 56 1
95 57 36
95 58 36
95 59 36
95 60 36
95 61 36
95 62 36
95 63 36
96 0 36
96 1 36
96 2 36
96 3 36
96 4 36
96 5 72
96 6 36
96 7 36
96 8 36
96 9 36
96 10 36
96 11 36
96 12 36
96 13 36
96 14 36
96 15 36
96 16 72
96 17 36
96 18 36
96 19 36
96 20 36
96 21 36
96 22 36
96 23 36
96 24 36
96 25 36
96 26 1
96 27 36
96 28 36
96 29 36
96 30 36
96 31 36
96 32 1
96 33 36
96 34 36
96 35 36
96 36 36
96 37 36
96 38 36
96 39 36
96 40 36
96 41 36
96 42 36
96 43 36
96 44 36
96 45 36
96 46 36
96 47 36
96 48 36
96 49 36
96 50 36
96 51 36
96 52 36
96 53 36
96 54 36
96 55 36
96 56 36
96 57 36
96 58 36
96 59 36
96 60 72
96 61 36
96 62 36
96 63 36
97 0 36
97 1 36
97 2 36
97 3 36
97 4 36
97 5 36
97 6 36
97 7 1
97 8 1
97 9 36
97 10 36
97 11 36
97 12 36
97 13 36
97 14 36
97 15 36
97 16 36
97 17 36
97 18 36
97 19 36
97 20 36
97 21 36
97 22 36
97 23 36
97 24 36
97 25 36
97 26 36
97 27 36
97 28 36
97 29 36
97 30 36
97 31 36
97 32 36
97 33 36
97 34 36
97 35 36
97 36 36
97 37 36
97 38 36
97 39 36
97 40 72
97 41 36
97 42 36
97 43 36
97 44 36
97 45 36
97 46 36
97 47 36
97 48 36
97 49 36
97 50 36
97 51 36
97 52 36
97 53 36
97 54 36
97 55 36
97 56 36
97 57 36
97 58 36
97 59 36
97 60 36
97 61 36
97 62 36
97 63 36
98 0 36
98 1 36
98 2 36
98 3 36
98 4 36
98 5 36
98 6 36
98 7 36
98 8 36
98 9 72
98 10 36
98 11 36
98 12 36
98 13 36
98 14 36
98 15 36
98 16 36
98 17 36
98 18 36
98 19 36
98 20 36
98 21 36
98 22 36
98 23 36
98 24 36
98 25 36
98 26 36
98 27 36
98 28 36
98 29 36
98 30 36
98 31 36
98 32 36
98 33 36
98 34 36
98 35 36
98 36 36
98 37 36
98 38 36
98 39 36
98 40 36
98 41 36
98 42 36
98 43 36
98 44 36
98 45 36
98 46 36
98 47 36
98 48 36
98 49 1
98 50 36
98 51 36
98 52 36
98 53 36
98 54 36
98 55 36
98 56 36
98 57 36
98 58 36
98 59 36
98 60 36
98 61 36
98 62 36
98 63 36
99 0 36
99 1 36
99 2 36
99 3 36
99 4 36
99 5 36
99 6 36
99 7 36
99 8 36
99 9 36
99 10 36
99 11 36
99 12 36
99 13 36
99 14 36
99 15 36
99 16 36
99 17 36
99 18 36
99 19 36
99 20 36
99 21 36
99 22 36
99 23 36
99 24 36
99 25 36
99 26 36
99 27 36
99 28 36
99 29 1
99 30 36
99 31 36
99 32 36
99 33 1
99 34 36
99 35 36
99 36 36
99 37 36
99 38 36
99 39 36
99 40 36
99 41 36
99 42 36
99 43 36
99 44 36
99 45 36
99 46 36
99 47 36
99 48 36
99 49 36
99 50 36
99 51 36
99 52 36
99 53 36
99 54 36
99 55 36
99 56 36
99 57 36
99 58 36
99 59 72
99 60 72
99 61 36
99 62 36
99 63 36
100 0 36
100 1 36
100 2 36
100 3 36
100 4 36
100 5 36
100 6 36
100 7 36
100 8 36
100 9 36
100 10 36
100 11 36
100 12 36
100 13 36
100 14 36
100 15 36
100 16 36
100 17 36
100 18 36
100 19 36
100 20 36
100 21 36
100 22 36
100 23 36
100 24 36
100 25 36
100 26 36
100 27 36
100 28 36
100 29 1
100 30 36
100 31 36
100 32 36
100 33 36
100 34 36
100 35 36
100 36 1
100 37 36
100 38 36
100 39 36
100 40 36
100 41 36
100 42 36
100 43 36
100 44 72
100 45 36
100 46 36
100 47 36
100 48 36
100 49 1
100 50 36
100 51 36
100 52 36
100 53 36
100 54 36
100 55 36
100 56 36
100 57 36
100 58 36
100 59 36
100 60 36
100 61 36
100 62 72
100 63 36
101 0 36
101 1 36
101 2 36
101 3 36
101 4 36
101 5 36
101 6 36
101 7 36
101 8 36
101 9 36
101 10 36
101 11 36
101 12 1
101 13 36
101 14 36
101 15 36
101 16 36
101 17 36
101 18 36
101 19 36
101 20 36
101 21 36
101 22 36
101 23 72
101 24 36
101 25 36
101 26 36
101 27 36
101 28 36
101 29 36
101 30 36
101 31 36
101 32 36
101 33 36
101 34 36
101 35 36
101 36 36
101 37 36
101 38 36
101 39 36
101 40 36
101 41 36
101 42 36
101 43 36
101 44 36
101 45 72
101 46 36
101 47 36
101 48 36
101 49 36
101 50 36
101 51 36
101 52 36
101 53 36
101 54 1
101 55 36
101 56 36
101 57 36
101 58 1
101 59 36
101 60 36
101 61 36
101 62 36
101 63 36
102 0 36
102 1 36
102 2 36
102 3 36
102 4 36
102 5 36
102 6 36
102 7 36
102 8 36
102 9 36
102 10 1
102 11 36
102 12 36
102 13 36
102 14 36
102 15 36
102 16 36
102 17 72
102 18 36
102 19 36
102 20 36
102 21 36
102 22 36
102 23 36
102 24 36
102 25 36
102 26 36
102 27 36
102 28 36
102 29 36
102 30 36
102 31 36
102 32 36
102 33 36
102 34 72
102 35 36
102 36 36
102 37 36
102 38 36
102 39 36
102 40 36
102 41 36
102 42 36
102 43 36
102 44 36
102 45 72
102 46 36
102 47 36
102 48 36
102 49 36
102 50 36
102 51 36
102 52 36
102 53 36
102 54 36
102 55 36
102 56 36
102 57 36
102 58 36
102 59 36
102 60 36
102 61 36
102 62 36
102 63 72
103 0 36
103 1 36
103 2 36
103 3 36
103 4 36
103 5 36
103 6 1
103 7 36
103 8 36
103 9 36
103 10 36
103 11 36
103 12 36
103 13 36
103 14 36
103 15 36
103 16 36
103 17 36
103 18 36
103 19 36
103 20 36
103 21 36
103 22 36
103 23 36
103 24 36
103 25 36
103 26 36
103 27 36
103 28 36
103 29 36
103 30 36
103 31 36
103 32 36
103 33 1
103 34 36
103 35 36
103 36 36
103 37 1
103 38 36
103 39 36
103 40 36
103 41 36
103 42 36
103 43 36
103 44 36
103 45 36
103 46 36
103 47 36
103 48 36
103 49 36
103 50 36
103 51 36
103 52 36
103 53 36
103 54 36
103 55 36
103 56 36
103 57 36
103 58 36
103 59 36
103 60 1
103 61 36
103 62 1
103 63 36
104 0 36
104 1 36
104 2 36
104 3 36
104 4 1
104 5 36
104 6 36
104 7 36
104 8 36
104 9 36
104 10 36
104 11 36
104 12 36
104 13 36
104 14 36
104 15 36
104 16 36
104 17 36
104 18 72
104 19 1
104 20 36
104 21 36
104 22 36
104 23 36
104 24 36
104 25 36
104 26 36
104 27 36
104 28 36
104 29 36
104 30 36
104 31 36
104 32 36
104 33 36
104 34 36
104 35 36
104 36 72
104 37 36
104 38 36
104 39 36
104 40 36
104 41 36
104 42 36
104 43 36
104 44 36
104 45 36
104 46 36
104 47 36
104 48 36
104 49 36
104 50 36
104 51 1
104 52 36
104 53 36
104 54 72
104 55 36
104 56 1
104 57 36
104 58 36
104 59 36
104 60 36
104 61 36
104 62 36
104 63 1
105 0 36
105 1 36
105 2 36
105 3 36
105 4 36
105 5 36
105 6 36
105 7 36
105 8 36
105 9 36
105 10 36
105 11 36
105 12 36
105 13 36
105 14 36
105 15 36
105 16 36
105 17 36
105 18 36
105 19 36
105 20 36
105 21 36
105 22 36
105 23 36
105 24 36
105 25 36
105 26 36
105 27 36
105 28 36
105 29 1
105 30 36
105 31 36
105 32 36
105 33 36
105 34 36
105 35 36
105 36 36
105 37 1
105 38 36
105 39 36
105 40 36
105 41 36
105 42 36
105 43 36
105 44 36
105 45 36
105 46 36
105 47 36
105 48 36
105 49 1
105 50 36
105 51 1
105 52 36
105 53 36
105 54 36
105 55 36
105 56 36
105 57 72
105 58 36
105 59 36
105 60 36
105 61 36
105 62 36
105 63 1
106 0 72
106 1 36
106 2 36
106 3 36
106 4 36
106 5 36
106 6 36
106 7 36
106 8 36
106 9 36
106 10 72
106 11 36
106 12 36
106 13 36
106 14 36
106 15 36
106 16 36
106 17 36
106 18 36
106 19 36
106 20 36
106 21 36
106 22 36
106 23 36
106 24 36
106 25 36
106 26 36
106 27 36
106 28 36
106 29 36
106 30 72
106 31 36
106 32 36
106 33 36
106 34 36
106 35 36
106 36 36
106 37 36
106 38 36
106 39 36
106 40 36
106 41 36
106 42 36
106 43 36
106 44 36
106 45 36
106 46 36
106 47 36
106 48 36
106 49 1
106 50 36
106 51 1
106 52 36
106 53 36
106 54 36
106 55 36
106 56 36
106 57 36
106 58 36
106 59 36
106 60 36
106 61 36
106 62 36
106 63 36
107 0 36
107 1 36
107 2 36
107 3 36
107 4 72
107 5 36
107 6 36
107 7 72
107 8 36
107 9 36
107 10 36
107 11 36
107 12 36
107 13 36
107 14 36
107 15 36
107 16 36
107 17 36
107 18 36
107 19 36
107 20 36
107 21 36
107 22 36
107 23 36
107 24 36
107 25 36
107 26 36
107 27 36
107 28 1
107 29 1
107 30 36
107 31 36
107 32 1
107 33 36
107 34 36
107 35 36
107 36 36
107 37 36
107 38 36
107 39 36
107 40 36
107 41 36
107 42 36
107 43 36
107 44 36
107 45 72
107 46 1
107 47 36
107 48 36
107 49 36
107 50 36
107 51 36
107 52 36
107 53 36
107 54 1
107 55 36
107 56 36
107 57 36
107 58 36
107 59 36
107 60 36
107 61 36
107 62 36
107 63 36
108 0 36
108 1 72
108 2 36
108 3 36
108 4 36
108 5 36
108 6 36
108 7 36
108 8 36
108 9 36
108 10 72
108 11 36
108 12 36
108 13 36
108 14 36
108 15 36
108 16 36
108 17 36
108 18 36
108 19 36
108 20 36
108 21 36
108 22 36
108 23 36
108 24 36
108 25 1
108 26 36
108 27 1
108 28 36
108 29 36
108 30 36
108 31 36
108 32 36
108 33 1
108 34 36
108 35 36
108 36 36
108 37 36
108 38 1
108 39 36
108 40 36
108 41 36
108 42 36
108 43 36
108 44 36
108 45 36
108 46 36
108 47 36
108 48 36
108 49 36
108 50 36
108 51 36
108 52 36
108 53 36
108 54 36
108 55 36
108 56 36
108 57 36
108 58 72
108 59 36
108 60 36
108 61 36
108 62 36
108 63 36
109 0 36
109 1 36
109 2 36
109 3 36
109 4 36
109 5 36
109 6 36
109 7 36
109 8 36
109 9 36
109 10 36
109 11 36
109 12 36
109 13 1
109 14 36
109 15 36
109 16 36
109 17 36
109 18 72
109 19 36
109 20 36
109 21 36
109 22 36
109 23 36
109 24 36
109 25 1
109 26 36
109 27 36
109 28 36
109 29 36
109 30 36
109 31 36
109 32 36
109 33 36
109 34 36
109 35 1
109 36 1
109 37 36
109 38 36
109 39 36
109 40 36
109 41 36
109 42 36
109 43 36
109 44 36
109 45 36
109 46 36
109 47 36
109 48 36
109 49 36
109 50 36
109 51 1
109 52 36
109 53 36
109 54 36
109 55 36
109 56 36
109 57 36
109 58 36
109 59 36
109 60 36
109 61 36
109 62 36
109 63 36
110 0 36
110 1 36
110 2 36
110 3 36
110 4 36
110 5 36
110 6 1
110 7 36
110 8 36
110 9 36
110 10 36
110 11 36
110 12 36
110 13 36
110 14 36
110 15 36
110 16 36
110 17 72
110 18 36
110 19 36
110 20 36
110 21 36
110 22 36
110 23 36
110 24 36
110 25 36
110 26 36
110 27 36
110 28 36
110 29 36
110 30 72
110 31 36
110 32 36
110 33 36
110 34 36
110 35 36
110 36 36
110 37 36
110 38 36
110 39 36
110 40 36
110 41 36
110 42 36
110 43 36
110 44 36
110 45 36
110 46 72
110 47 36
110 48 36
110 49 36
110 50 36
110 51 36
110 52 36
110 53 36
110 54 36
110 55 36
110 56 36
110 57 36
110 58 36
110 59 36
110 60 36
110 61 36
110 62 36
110 63 36
111 0 108
111 1 36
111 2 72
111 3 36
111 4 36
111 5 72
111 6 72
111 7 36
111 8 72
111 9 36
111 10 72
111 11 72
111 12 72
111 13 36
111 14 36
111 15 72
111 16 36
111 17 36
111 18 72
111 19 36
111 20 36
111 21 72
111 22 36
111 23 36
111 24 36
111 25 36
111 26 36
111 27 36
111 28 36
111 29 72
111 30 36
111 31 36
111 32 72
111 33 36
111 34 36
111 35 108
111 36 72
111 37 72
111 38 36
111 39 36
111 40 72
111 41 36
111 42 72
111 43 72
111 44 36
111 45 36
111 46 36
111 47 36
111 48 72
111 49 36
111 50 36
111 51 36
111 52 36
111 53 72
111 54 72
111 55 36
111 56 36
111 57 36
111 58 36
111 59 36
111 60 36
111 61 72
111 62 36
111 63 36
112 0 36
112 1 36
112 2 36
112 3 1
112 4 36
112 5 36
112 6 36
112 7 36
112 8 36
112 9 36
112 10 36
112 11 36
112 12 36
112 13 36
112 14 36
112 15 36
112 16 36
112 17 36
112 18 36
112 19 72
112 20 36
112 21 36
112 22 36
112 23 36
112 24 36
112 25 36
112 26 1
112 27 36
112 28 36
112 29 36
112 30 36
112 31 36
112 32 36
112 33 36
112 34 36
112 35 36
112 36 1
112 37 36
112 38 36
112 39 36
112 40 36
112 41 36
112 42 36
112 43 36
112 44 36
112 45 36
112 46 36
112 47 36
112 48 72
112 49 1
112 50 36
112 51 36
112 52 36
112 53 36
112 54 36
112 55 36
112 56 36
112 57 36
112 58 36
112 59 36
112 60 36
112 61 36
112 62 36
112 63 36
113 0 36
113 1 36
113 2 36
113 3 36
113 4 36
113 5 36
113 6 36
113 7 1
113 8 36
113 9 36
113 10 36
113 11 36
113 12 36
113 13 36
113 14 36
113 15 36
113 16 36
113 17 36
113 18 36
113 19 72
113 20 36
113 21 36
113 22 36
113 23 36
113 24 36
113 25 36
113 26 36
113 27 1
113 28 36
113 29 36
113 30 36
113 31 36
113 32 36
113 33 36
113 34 36
113 35 36
113 36 36
113 37 36
113 38 36
113 39 36
113 40 36
113 41 36
113 42 36
113 43 36
113 44 36
113 45 72
113 46 36
113 47 36
113 48 36
113 49 36
113 50 36
113 51 36
113 52 36
113 53 36
113 54 36
113 55 36
113 56 1
113 57 36
113 58 36
113 59 36
113 60 36
113 61 1
113 62 36
113 63 36
114 0 36
114 1 36
114 2 36
114 3 1
114 4 36
114 5 36
114 6 36
114 7 36
114 8 36
114 9 36
114 10 36
114 11 36
114 12 1
114 13 36
114 14 36
114 15 36
114 16 36
114 17 36
114 18 36
114 19 36
114 20 36
114 21 36
114 22 36
114 23 36
114 24 36
114 25 36
114 26 1
114 27 36
114 28 72
114 29 36
114 30 36
114 31 36
114 32 36
114 33 36
114 34 36
114 35 36
114 36 36
114 37 36
114 38 36
114 39 36
114 40 36
114 41 36
114 42 36
114 43 36
114 44 36
114 45 36
114 46 36
114 47 36
114 48 36
114 49 36
114 50 36
114 51 1
114 52 36
114 53 36
114 54 36
114 55 36
114 56 36
114 57 36
114 58 36
114 59 36
114 60 36
114 61 36
114 62 36
114 63 36
115 0 72
115 1 36
115 2 36
115 3 36
115 4 36
115 5 72
115 6 36
115 7 36
115 8 36
115 9 36
115 10 36
115 11 36
115 12 36
115 13 36
115 14 36
115 15 36
115 16 36
115 17 1
115 18 36
115 19 36
115 20 36
115 21 36
115 22 36
115 23 36
115 24 36
115 25 36
115 26 36
115 27 36
115 28 36
115 29 36
115 30 36
115 31 36
115 32 36
115 33 36
115 34 36
115 35 36
115 36 36
115 37 36
115 38 36
115 39 72
115 40 36
115 41 36
115 42 36
115 43 36
115 44 36
115 45 36
115 46 36
115 47 36
115 48 36
115 49 36
115 50 36
115 51 36
115 52 36
115 53 36
115 54 36
115 55 72
115 56 36
115 57 36
115 58 36
115 59 36
115 60 36
115 61 36
115 62 36
115 63 36
116 0 36
116 1 36
116 2 36
116 3 36
116 4 36
116 5 36
116 6 36
116 7 36
116 8 36
116 9 36
116 10 72
116 11 36
116 12 36
116 13 1
116 14 72
116 15 36
116 16 36
116 17 36
116 18 36
116 19 36
116 20 36
116 21 36
116 22 36
116 23 36
116 24 36
116 25 36
116 26 36
116 27 36
116 28 36
116 29 36
116 30 36
116 31 36
116 32 36
116 33 36
116 34 36
116 35 1
116 36 36
116 37 36
116 38 36
116 39 36
116 40 36
116 41 36
116 42 36
116 43 36
116 44 36
116 45 36
116 46 36
116 47 36
116 48 36
116 49 36
116 50 36
116 51 36
116 52 36
116 53 36
116 54 36
116 55 36
116 56 36
116 57 36
116 58 36
116 59 36
116 60 36
116 61 36
116 62 36
116 63 36
117 0 36
117 1 36
117 2 36
117 3 36
117 4 36
117 5 36
117 6 36
117 7 36
117 8 1
117 9 36
117 10 36
117 11 36
117 12 36
117 13 36
117 14 36
117 15 36
117 16 36
117 17 36
117 18 36
117 19 36
117 20 36
117 21 36
117 22 36
117 23 36
117 24 36
117 25 36
117 26 36
117 27 1
117 28 36
117 29 36
117 30 36
117 31 36
117 32 36
117 33 36
117 34 36
117 35 36
117 36 72
117 37 36
117 38 36
117 39 36
117 40 36
117 41 36
117 42 36
117 43 36
117 44 36
117 45 36
117 46 1
117 47 36
117 48 36
117 49 36
117 50 36
117 51 36
117 52 36
117 53 36
117 54 36
117 55 36
117 56 36
117 57 36
117 58 36
117 59 36
117 60 36
117 61 36
117 62 36
117 63 36
118 0 36
118 1 36
118 2 1
118 3 36
118 4 36
118 5 36
118 6 36
118 7 36
118 8 72
118 9 36
118 10 36
118 11 36
118 12 72
118 13 36
118 14 36
118 15 36
118 16 36
118 17 36
118 18 72
118 19 36
118 20 36
118 21 36
118 22 36
118 23 36
118 24 36
118 25 36
118 26 36
118 27 36
118 28 36
118 29 36
118 30 36
118 31 36
118 32 36
118 33 36
118 34 72
118 35 36
118 36 36
118 37 36
118 38 36
118 39 36
118 40 36
118 41 36
118 42 36
118 43 36
118 44 36
118 45 36
118 46 36
118 47 36
118 48 36
118 49 36
118 50 36
118 51 1
118 52 36
118 53 1
118 54 36
118 55 36
118 56 36
118 57 36
118 58 36
118 59 36
118 60 36
118 61 36
118 62 36
118 63 36
119 0 36
119 1 36
119 2 36
119 3 36
119 4 36
119 5 72
119 6 36
119 7 36
119 8 36
119 9 36
119 10 36
119 11 72
119 12 36
119 13 36
119 14 36
119 15 36
119 16 36
119 17 36
119 18 36
119 19 36
119 20 36
119 21 36
119 22 36
119 23 36
119 24 36
119 25 36
119 26 36
119 27 36
119 28 36
119 29 36
119 30 36
119 31 36
119 32 36
119 33 36
119 34 72
119 35 1
119 36 36
119 37 36
119 38 36
119 39 36
119 40 36
119 41 36
119 42 36
119 43 72
119 44 36
119 45 36
119 46 36
119 47 36
119 48 36
119 49 36
119 50 1
119 51 36
119 52 36
119 53 36
119 54 36
119 55 36
119 56 36
119 57 36
119 58 72
119 59 36
119 60 36
119 61 36
119 62 36
119 63 36
120 0 36
120 1 36
120 2 36
120 3 72
120 4 1
120 5 36
120 6 36
120 7 36
120 8 36
120 9 36
120 10 1
120 11 36
120 12 36
120 13 36
120 14 36
120 15 36
120 16 36
120 17 36
120 18 36
120 19 36
120 20 36
120 21 36
120 22 36
120 23 36
120 24 36
120 25 1
120 26 36
120 27 36
120 28 36
120 29 36
120 30 36
120 31 36
120 32 36
120 33 1
120 34 36
120 35 36
120 36 36
120 37 36
120 38 36
120 39 36
120 40 36
120 41 36
120 42 36
120 43 36
120 44 36
120 45 36
120 46 36
120 47 36
120 48 36
120 49 36
120 50 36
120 51 36
120 52 36
120 53 36
120 54 36
120 55 36
120 56 36
120 57 36
120 58 36
120 59 72
120 60 1
120 61 72
120 62 36
120 63 36
121 0 36
121 1 36
121 2 36
121 3 36
121 4 36
121 5 36
121 6 36
121 7 36
121 8 36
121 9 36
121 10 36
121 11 36
121 12 36
121 13 36
121 14 36
121 15 36
121 16 36
121 17 36
121 18 36
121 19 36
121 20 72
121 21 72
121 22 36
121 23 36
121 24 36
121 25 36
121 26 36
121 27 36
121 28 36
121 29 36
121 30 36
121 31 36
121 32 36
121 33 36
121 34 36
121 35 72
121 36 36
121 37 36
121 38 36
121 39 36
121 40 36
121 41 36
121 42 36
121 43 36
121 44 36
121 45 36
121 46 36
121 47 36
121 48 36
121 49 36
121 50 36
121 51 36
121 52 36
121 53 36
121 54 36
121 55 36
121 56 36
121 57 36
121 58 36
121 59 36
121 60 36
121 61 36
121 62 36
121 63 36
122 0 36
122 1 36
122 2 1
122 3 36
122 4 36
122 5 36
122 6 36
122 7 36
122 8 36
122 9 36
122 10 72
122 11 36
122 12 36
122 13 36
122 14 36
122 15 36
122 16 36
122 17 36
122 18 1
122 19 36
122 20 36
122 21 36
122 22 36
122 23 36
122 24 36
122 25 36
122 26 36
122 27 36
122 28 36
122 29 1
122 30 36
122 31 36
122 32 36
122 33 36
122 34 36
122 35 36
122 36 36
122 37 36
122 38 36
122 39 36
122 40 36
122 41 36
122 42 36
122 43 36
122 44 36
122 45 36
122 46 36
122 47 36
122 48 36
122 49 36
122 50 36
122 51 36
122 52 1
122 53 36
122 54 36
122 55 36
122 56 36
122 57 36
122 58 36
122 59 36
122 60 36
122 61 36
122 62 36
122 63 36
123 0 36
123 1 36
123 2 36
123 3 1
123 4 36
123 5 36
123 6 36
123 7 1
123 8 1
123 9 36
123 10 36
123 11 72
123 12 36
123 13 36
123 14 36
123 15 36
123 16 36
123 17 36
123 18 36
123 19 36
123 20 36
123 21 36
123 22 36
123 23 36
123 24 72
123 25 36
123 26 36
123 27 36
123 28 36
123 29 36
123 30 36
123 31 36
123 32 36
123 33 36
123 34 36
123 35 36
123 36 36
123 37 36
123 38 36
123 39 36
123 40 36
123 41 36
123 42 36
123 43 36
123 44 36
123 45 36
123 46 36
123 47 36
123 48 36
123 49 36
123 50 36
123 51 36
123 52 36
123 53 36
123 54 36
123 55 36
123 56 36
123 57 36
123 58 36
123 59 36
123 60 36
123 61 1
123 62 36
123 63 36
124 0 36
124 1 36
124 2 1
124 3 36
124 4 36
124 5 36
124 6 36
124 7 36
124 8 1
124 9 1
124 10 36
124 11 36
124 12 36
124 13 36
124 14 36
124 15 36
124 16 36
124 17 36
124 18 36
124 19 36
124 20 36
124 21 36
124 22 36
124 23 36
124 24 36
124 25 36
124 26 36
124 27 36
124 28 36
124 29 1
124 30 36
124 31 36
124 32 36
124 33 36
124 34 36
124 35 36
124 36 36
124 37 36
124 38 36
124 39 36
124 40 36
124 41 36
124 42 36
124 43 36
124 44 36
124 45 36
124 46 36
124 47 36
124 48 36
124 49 36
124 50 36
124 51 36
124 52 36
124 53 36
124 54 36
124 55 36
124 56 36
124 57 36
124 58 36
124 59 36
124 60 36
124 61 36
124 62 36
124 63 36
125 0 36
125 1 36
125 2 36
125 3 36
125 4 36
125 5 36
125 6 36
125 7 36
125 8 72
125 9 36
125 10 36
125 11 36
125 12 36
125 13 1
125 14 36
125 15 36
125 16 36
125 17 36
125 18 36
125 19 36
125 20 36
125 21 36
125 22 36
125 23 36
125 24 36
125 25 36
125 26 36
125 27 36
125 28 36
125 29 36
125 30 36
125 31 36
125 32 36
125 33 1
125 34 36
125 35 36
125 36 36
125 37 36
125 38 36
125 39 1
125 40 72
125 41 36
125 42 36
125 43 36
125 44 36
125 45 36
125 46 36
125 47 36
125 48 36
125 49 36
125 50 1
125 51 36
125 52 36
125 53 36
125 54 36
125 55 36
125 56 36
125 57 36
125 58 36
125 59 36
125 60 36
125 61 36
125 62 72
125 63 36
126 0 36
126 1 36
126 2 36
126 3 36
126 4 36
126 5 36
126 6 36
126 7 36
126 8 36
126 9 72
126 10 36
126 11 72
126 12 36
126 13 36
126 14 36
126 15 72
126 16 36
126 17 36
126 18 36
126 19 36
126 20 36
126 21 72
126 22 36
126 23 36
126 24 36
126 25 36
126 26 36
126 27 36
126 28 36
126 29 36
126 30 36
126 31 36
126 32 72
126 33 36
126 34 36
126 35 36
126 36 36
126 37 36
126 38 36
126 39 36
126 40 36
126 41 36
126 42 36
126 43 72
126 44 36
126 45 36
126 46 36
126 47 36
126 48 36
126 49 36
126 50 36
126 51 36
126 52 36
126 53 36
126 54 36
126 55 36
126 56 36
126 57 36
126 58 36
126 59 36
126 60 1
126 61 36
126 62 1
126 63 36
127 0 36
127 1 36
127 2 36
127 3 36
127 4 36
127 5 36
127 6 1
127 7 36
127 8 36
127 9 36
127 10 36
127 11 36
127 12 36
127 13 36
127 14 36
127 15 36
127 16 36
127 17 1
127 18 36
127 19 36
127 20 36
127 21 36
127 22 36
127 23 36
127 24 36
127 25 36
127 26 36
127 27 36
127 28 36
127 29 36
127 30 36
127 31 36
127 32 36
127 33 36
127 34 36
127 35 36
127 36 36
127 37 36
127 38 36
127 39 36
127 40 36
127 41 36
127 42 36
127 43 72
127 44 36
127 45 36
127 46 36
127 47 36
127 48 36
127 49 36
127 50 36
127 51 36
127 52 36
127 53 36
127 54 36
127 55 36
127 56 1
127 57 36
127 58 36
127 59 36
127 60 36
127 61 36
127 62 36
127 63 36
128 0 36
128 1 36
128 2 36
128 3 36
128 4 36
128 5 36
128 6 36
128 7 36
128 8 36
128 9 36
128 10 36
128 11 36
128 12 36
128 13 36
128 14 36
128 15 36
128 16 36
128 17 36
128 18 36
128 19 72
128 20 36
128 21 36
128 22 36
128 23 36
128 24 1
128 25 36
128 26 36
128 27 36
128 28 36
128 29 36
128 30 36
128 31 36
128 32 36
128 33 36
128 34 36
128 35 36
128 36 36
128 37 36
128 38 36
128 39 36
128 40 72
128 41 36
128 42 36
128 43 36
128 44 36
128 45 36
128 46 36
128 47 36
128 48 36
128 49 36
128 50 36
128 51 36
128 52 1
128 53 36
128 54 36
128 55 36
128 56 36
128 57 36
128 58 36
128 59 36
128 60 36
128 61 36
128 62 1
128 63 36
129 0 36
129 1 36
129 2 36
129 3 36
129 4 36
129 5 36
129 6 36
129 7 36
129 8 36
129 9 36
129 10 36
129 11 72
129 12 36
129 13 36
129 14 36
129 15 36
129 16 36
129 17 36
129 18 36
129 19 36
129 20 36
129 21 36
129 22 36
129 23 1
129 24 36
129 25 36
129 26 36
129 27 36
129 28 36
129 29 1
129 30 36
129 31 36
129 32 36
129 33 36
129 34 36
129 35 36
129 36 36
129 37 36
129 38 36
129 39 36
129 40 36
129 41 36
129 42 36
129 43 72
129 44 36
129 45 36
129 46 36
129 47 36
129 48 36
129 49 36
129 50 36
129 51 36
129 52 36
129 53 36
129 54 36
129 55 36
129 56 36
129 57 36
129 58 36
129 59 36
129 60 36
129 61 36
129 62 36
129 63 36
130 0 72
130 1 36
130 2 36
130 3 36
130 4 36
130 5 36
130 6 36
130 7 36
130 8 36
130 9 36
130 10 36
130 11 36
130 12 36
130 13 36
130 14 36
130 15 36
130 16 36
130 17 36
130 18 36
130 19 36
130 20 36
130 21 36
130 22 36
130 23 36
130 24 36
130 25 36
130 26 36
130 27 36
130 28 36
130 29 36
130 30 1
130 31 36
130 32 36
130 33 36
130 34 36
130 35 36
130 36 36
130 37 36
130 38 36
130 39 36
130 40 36
130 41 36
130 42 36
130 43 36
130 44 36
130 45 36
130 46 36
130 47 36
130 48 36
130 49 36
130 50 36
130 51 36
130 52 36
130 53 36
130 54 36
130 55 36
130 56 36
130 57 36
130 58 36
130 59 36
130 60 36
130 61 36
130 62 36
130 63 36
131 0 36
131 1 36
131 2 36
131 3 36
131 4 36
131 5 36
131 6 36
131 7 1
131 8 36
131 9 72
131 10 36
131 11 36
131 12 36
131 13 36
131 14 36
131 15 36
131 16 36
131 17 36
131 18 36
131 19 36
131 20 36
131 21 36
131 22 36
131 23 36
131 24 36
131 25 72
131 26 36
131 27 36
131 28 36
131 29 36
131 30 36
131 31 36
131 32 36
131 33 72
131 34 36
131 35 36
131 36 36
131 37 36
131 38 36
131 39 36
131 40 36
131 41 36
131 42 36
131 43 36
131 44 36
131 45 36
131 46 36
131 47 36
131 48 36
131 49 36
131 50 36
131 51 36
131 52 36
131 53 36
131 54 1
131 55 36
131 56 36
131 57 36
131 58 36
131 59 36
131 60 36
131 61 1
131 62 36
131 63 36
132 0 36
132 1 36
132 2 36
132 3 36
132 4 36
132 5 36
132 6 36
132 7 36
132 8 36
132 9 36
132 10 36
132 11 36
132 12 36
132 13 36
132 14 36
132 15 36
132 16 36
132 17 36
132 18 36
132 19 36
132 20 36
132 21 36
132 22 36
132 23 36
132 24 36
132 25 36
132 26 36
132 27 36
132 28 36
132 29 36
132 30 36
132 31 36
132 32 36
132 33 72
132 34 36
132 35 36
132 36 36
132 37 36
132 38 36
132 39 36
132 40 36
132 41 36
132 42 36
132 43 36
132 44 72
132 45 36
132 46 36
132 47 36
132 48 36
132 49 36
132 50 36
132 51 36
132 52 36
132 53 36
132 54 36
132 55 36
132 56 36
132 57 36
132 58 36
132 59 36
132 60 36
132 61 36
132 62 36
132 63 36
133 0 36
133 1 36
133 2 1
133 3 36
133 4 36
133 5 36
133 6 36
133 7 36
133 8 36
133 9 36
133 10 72
133 11 36
133 12 36
133 13 36
133 14 36
133 15 36
133 16 36
133 17 72
133 18 36
133 19 36
133 20 36
133 21 36
133 22 36
133 23 36
133 24 36
133 25 36
133 26 36
133 27 1
133 28 36
133 29 36
133 30 36
133 31 1
133 32 36
133 33 36
133 34 72
133 35 36
133 36 36
133 37 1
133 38 36
133 39 36
133 40 36
133 41 36
133 42 36
133 43 36
133 44 36
133 45 36
133 46 36
133 47 36
133 48 1
133 49 36
133 50 36
133 51 36
133 52 36
133 53 36
133 54 36
133 55 36
133 56 36
133 57 36
133 58 36
133 59 36
133 60 36
133 61 36
133 62 36
133 63 36
134 0 72
134 1 36
134 2 36
134 3 36
134 4 36
134 5 36
134 6 1
134 7 36
134 8 36
134 9 36
134 10 36
134 11 36
134 12 36
134 13 36
134 14 36
134 15 36
134 16 36
134 17 36
134 18 36
134 19 1
134 20 36
134 21 72
134 22 36
134 23 36
134 24 36
134 25 36
134 26 36
134 27 36
134 28 36
134 29 36
134 30 36
134 31 72
134 32 36
134 33 36
134 34 36
134 35 36
134 36 36
134 37 36
134 38 36
134 39 36
134 40 36
134 41 36
134 42 36
134 43 36
134 44 36
134 45 36
134 46 36
134 47 72
134 48 36
134 49 36
134 50 36
134 51 36
134 52 36
134 53 36
134 54 36
134 55 36
134 56 36
134 57 36
134 58 36
134 59 36
134 60 36
134 61 36
134 62 36
134 63 36
135 0 36
135 1 1
135 2 36
135 3 36
135 4 36
135 5 36
135 6 36
135 7 36
135 8 36
135 9 36
135 10 36
135 11 36
135 12 36
135 13 36
135 14 36
135 15 36
135 16 72
135 17 36
135 18 36
135 19 36
135 20 36
135 21 1
135 22 36
135 23 36
135 24 36
135 25 36
135 26 36
135 27 36
135 28 36
135 29 36
135 30 36
135 31 36
135 32 36
135 33 36
135 34 36
135 35 36
135 36 36
135 37 36
135 38 36
135 39 36
135 40 36
135 41 36
135 42 36
135 43 72
135 44 36
135 45 36
135 46 36
135 47 36
135 48 36
135 49 36
135 50 36
135 51 36
135 52 36
135 53 36
135 54 36
135 55 36
135 56 36
135 57 72
135 58 36
135 59 36
135 60 36
135 61 36
135 62 36
135 63 36
136 0 36
136 1 36
136 2 36
136 3 36
136 4 36
136 5 36
136 6 36
136 7 36
136 8 72
136 9 36
136 10 36
136 11 36
136 12 36
136 13 72
136 14 36
136 15 36
136 16 36
136 17 36
136 18 36
136 19 36
136 20 36
136 21 36
136 22 36
136 23 36
136 24 36
136 25 1
136 26 36
136 27 36
136 28 36
136 29 36
136 30 36
136 31 36
136 32 36
136 33 36
136 34 72
136 35 36
136 36 36
136 37 36
136 38 36
136 39 36
136 40 36
136 41 36
136 42 36
136 43 36
136 44 36
136 45 36
136 46 36
136 47 36
136 48 72
136 49 36
136 50 36
136 51 36
136 52 36
136 53 36
136 54 36
136 55 36
136 56 36
136 57 36
136 58 36
136 59 36
136 60 36
136 61 36
136 62 36
136 63 36
137 0 36
137 1 36
137 2 36
137 3 36
137 4 36
137 5 36
137 6 36
137 7 36
137 8 36
137 9 36
137 10 36
137 11 36
137 12 1
137 13 36
137 14 72
137 15 36
137 16 36
137 17 36
137 18 36
137 19 36
137 20 36
137 21 36
137 22 36
137 23 36
137 24 36
137 25 36
137 26 36
137 27 1
137 28 36
137 29 36
137 30 72
137 31 36
137 32 36
137 33 36
137 34 36
137 35 36
137 36 36
137 37 36
137 38 36
137 39 36
137 40 36
137 41 36
137 42 72
137 43 36
137 44 36
137 45 36
137 46 72
137 47 36
137 48 36
137 49 36
137 50 36
137 51 36
137 52 36
137 53 36
137 54 36
137 55 72
137 56 1
137 57 36
137 58 72
137 59 1
137 60 36
137 61 36
137 62 36
137 63 1
138 0 36
138 1 36
138 2 36
138 3 36
138 4 36
138 5 36
138 6 36
138 7 36
138 8 1
138 9 36
138 10 36
138 11 36
138 12 72
138 13 36
138 14 36
138 15 36
138 16 36
138 17 36
138 18 72
138 19 36
138 20 36
138 21 36
138 22 36
138 23 36
138 24 36
138 25 36
138 26 36
138 27 36
138 28 36
138 29 36
138 30 36
138 31 36
138 32 36
138 33 36
138 34 36
138 35 36
138 36 36
138 37 36
138 38 36
138 39 36
138 40 36
138 41 36
138 42 36
138 43 36
138 44 1
138 45 36
138 46 36
138 47 36
138 48 36
138 49 36
138 50 36
138 51 36
138 52 36
138 53 36
138 54 36
138 55 36
138 56 36
138 57 36
138 58 36
138 59 36
138 60 36
138 61 36
138 62 36
138 63 36
139 0 36
139 1 72
139 2 36
139 3 36
139 4 36
139 5 36
139 6 36
139 7 36
139 8 36
139 9 36
139 10 36
139 11 36
139 12 36
139 13 36
139 14 36
139 15 36
139 16 36
139 17 36
139 18 36
139 19 36
139 20 36
139 21 36
139 22 72
139 23 36
139 24 36
139 25 36
139 26 36
139 27 36
139 28 36
139 29 36
139 30 36
139 31 36
139 32 36
139 33 36
139 34 36
139 35 36
139 36 36
139 37 36
139 38 36
139 39 36
139 40 36
139 41 72
139 42 36
139 43 36
139 44 36
139 45 36
139 46 36
139 47 36
139 48 36
139 49 36
139 50 36
139 51 36
139 52 36
139 53 36
139 54 36
139 55 36
139 56 1
139 57 36
139 58 36
139 59 36
139 60 36
139 61 36
139 62 36
139 63 36
140 0 36
140 1 36
140 2 36
140 3 36
140 4 72
140 5 36
140 6 36
140 7 72
140 8 36
140 9 36
140 10 36
140 11 36
140 12 36
140 13 36
140 14 36
140 15 36
140 16 36
140 17 72
140 18 36
140 19 36
140 20 36
140 21 36
140 22 36
140 23 36
140 24 36
140 25 36
140 26 36
140 27 1
140 28 36
140 29 36
140 30 36
140 31 36
140 32 36
140 33 36
140 34 36
140 35 36
140 36 36
140 37 36
140 38 36
140 39 36
140 40 36
140 41 36
140 42 36
140 43 36
140 44 36
140 45 36
140 46 36
140 47 36
140 48 36
140 49 36
140 50 36
140 51 36
140 52 36
140 53 36
140 54 1
140 55 36
140 56 36
140 57 36
140 58 1
140 59 1
140 60 1
140 61 36
140 62 36
140 63 36
141 0 36
141 1 36
141 2 36
141 3 36
141 4 36
141 5 36
141 6 36
141 7 36
141 8 72
141 9 36
141 10 36
141 11 36
141 12 36
141 13 36
141 14 36
141 15 36
141 16 72
141 17 36
141 18 36
141 19 36
141 20 36
141 21 36
141 22 36
141 23 36
141 24 72
141 25 36
141 26 36
141 27 36
141 28 36
141 29 36
141 30 36
141 31 36
141 32 1
141 33 36
141 34 36
141 35 72
141 36 36
141 37 36
141 38 36
141 39 72
141 40 36
141 41 36
141 42 36
141 43 36
141 44 36
141 45 36
141 46 36
141 47 36
141 48 36
141 49 36
141 50 36
141 51 1
141 52 36
141 53 36
141 54 36
141 55 36
141 56 36
141 57 36
141 58 36
141 59 36
141 60 36
141 61 36
141 62 36
141 63 36
142 0 36
142 1 36
142 2 36
142 3 36
142 4 36
142 5 36
142 6 36
142 7 36
142 8 36
142 9 36
142 10 36
142 11 36
142 12 36
142 13 36
142 14 36
142 15 36
142 16 36
142 17 36
142 18 36
142 19 36
142 20 36
142 21 36
142 22 36
142 23 36
142 24 36
142 25 36
142 26 1
142 27 36
142 28 36
142 29 36
142 30 36
142 31 36
142 32 36
142 33 36
142 34 36
142 35 36
142 36 36
142 37 36
142 38 36
142 39 36
142 40 36
142 41 36
142 42 36
142 43 36
142 44 36
142 45 36
142 46 36
142 47 36
142 48 36
142 49 36
142 50 36
142 51 36
142 52 36
142 53 36
142 54 36
142 55 36
142 56 36
142 57 36
142 58 36
142 59 36
142 60 1
142 61 36
142 62 36
142 63 36
143 0 36
143 1 36
143 2 36
143 3 36
143 4 36
143 5 1
143 6 36
143 7 36
143 8 36
143 9 36
143 10 36
143 11 36
143 12 36
143 13 36
143 14 36
143 15 36
143 16 36
143 17 36
143 18 36
143 19 36
143 20 1
143 21 36
143 22 36
143 23 36
143 24 36
143 25 36
143 26 36
143 27 36
143 28 36
143 29 36
143 30 36
143 31 36
143 32 36
143 33 36
143 34 36
143 35 36
143 36 1
143 37 36
143 38 36
143 39 36
143 40 36
143 41 36
143 42 36
143 43 36
143 44 36
143 45 36
143 46 36
143 47 36
143 48 36
143 49 36
143 50 1
143 51 36
143 52 36
143 53 36
143 54 36
143 55 36
143 56 36
143 57 36
143 58 36
143 59 36
143 60 36
143 61 36
143 62 36
143 63 36
144 0 72
144 1 36
144 2 36
144 3 36
144 4 36
144 5 36
144 6 36
144 7 36
144 8 36
144 9 36
144 10 36
144 11 36
144 12 36
144 13 36
144 14 36
144 15 36
144 16 36
144 17 36
144 18 36
144 19 36
144 20 36
144 21 36
144 22 36
144 23 36
144 24 36
144 25 36
144 26 36
144 27 36
144 28 36
144 29 36
144 30 36
144 31 36
144 32 36
144 33 36
144 34 36
144 35 1
144 36 36
144 37 36
144 38 36
144 39 36
144 40 36
144 41 36
144 42 36
144 43 36
144 44 1
144 45 36
144 46 36
144 47 1
144 48 36
144 49 36
144 50 36
144 51 36
144 52 36
144 53 36
144 54 36
144 55 36
144 56 72
144 57 36
144 58 36
144 59 36
144 60 36
144 61 36
144 62 36
144 63 36
145 0 36
145 1 36
145 2 36
145 3 36
145 4 36
145 5 36
145 6 36
145 7 72
145 8 36
145 9 36
145 10 36
145 11 72
145 12 36
145 13 36
145 14 36
145 15 36
145 16 36
145 17 36
145 18 36
145 19 36
145 20 36
145 21 36
145 22 36
145 23 36
145 24 1
145 25 36
145 26 36
145 27 36
145 28 36
145 29 36
145 30 36
145 31 36
145 32 36
145 33 36
145 34 36
145 35 36
145 36 36
145 37 36
145 38 36
145 39 36
145 40 36
145 41 1
145 42 36
145 43 36
145 44 36
145 45 36
145 46 36
145 47 36
145 48 72
145 49 36
145 50 36
145 51 36
145 52 36
145 53 36
145 54 36
145 55 36
145 56 36
145 57 36
145 58 36
145 59 36
145 60 36
145 61 1
145 62 36
145 63 1
146 0 72
146 1 36
146 2 36
146 3 36
146 4 36
146 5 36
146 6 72
146 7 36
146 8 36
146 9 36
146 10 36
146 11 36
146 12 36
146 13 36
146 14 36
146 15 36
146 16 36
146 17 36
146 18 36
146 19 36
146 20 36
146 21 36
146 22 36
146 23 36
146 24 36
146 25 72
146 26 36
146 27 36
146 28 36
146 29 36
146 30 36
146 31 36
146 32 36
146 33 36
146 34 36
146 35 36
146 36 36
146 37 1
146 38 36
146 39 36
146 40 36
146 41 36
146 42 36
146 43 36
146 44 36
146 45 36
146 46 72
146 47 36
146 48 36
146 49 1
146 50 36
146 51 36
146 52 36
146 53 36
146 54 1
146 55 36
146 56 36
146 57 36
146 58 36
146 59 36
146 60 36
146 61 36
146 62 36
146 63 36
147 0 36
147 1 36
147 2 36
147 3 36
147 4 1
147 5 36
147 6 36
147 7 36
147 8 36
147 9 36
147 10 36
147 11 36
147 12 36
147 13 36
147 14 36
147 15 36
147 16 36
147 17 36
147 18 36
147 19 36
147 20 36
147 21 36
147 22 36
147 23 36
147 24 36
147 25 36
147 26 36
147 27 36
147 28 36
147 29 36
147 30 36
147 31 36
147 32 36
147 33 36
147 34 36
147 35 1
147 36 1
147 37 36
147 38 36
147 39 36
147 40 36
147 41 36
147 42 36
147 43 36
147 44 36
147 45 36
147 46 72
147 47 36
147 48 36
147 49 36
147 50 1
147 51 36
147 52 36
147 53 36
147 54 36
147 55 36
147 56 36
147 57 36
147 58 36
147 59 36
147 60 36
147 61 36
147 62 36
147 63 36
148 0 36
148 1 36
148 2 36
148 3 36
148 4 36
148 5 36
148 6 36
148 7 36
148 8 36
148 9 1
148 10 36
148 11 36
148 12 36
148 13 1
148 14 1
148 15 36
148 16 36
148 17 72
148 18 36
148 19 36
148 20 72
148 21 36
148 22 36
148 23 36
148 24 36
148 25 36
148 26 36
148 27 36
148 28 36
148 29 36
148 30 36
148 31 36
148 32 36
148 33 36
148 34 36
148 35 36
148 36 36
148 37 36
148 38 36
148 39 36
148 40 36
148 41 36
148 42 36
148 43 36
148 44 36
148 45 36
148 46 36
148 47 36
148 48 36
148 49 36
148 50 36
148 51 1
148 52 36
148 53 36
148 54 1
148 55 36
148 56 36
148 57 36
148 58 36
148 59 1
148 60 36
148 61 36
148 62 36
148 63 36
149 0 36
149 1 36
149 2 36
149 3 36
149 4 36
149 5 36
149 6 36
149 7 36
149 8 36
149 9 72
149 10 36
149 11 72
149 12 36
149 13 36
149 14 36
149 15 36
149 16 72
149 17 36
149 18 36
149 19 72
149 20 72
149 21 72
149 22 36
149 23 36
149 24 72
149 25 36
149 26 36
149 27 72
149 28 36
149 29 36
149 30 36
149 31 36
149 32 36
149 33 36
149 34 36
149 35 72
149 36 36
149 37 36
149 38 72
149 39 36
149 40 36
149 41 72
149 42 36
149 43 72
149 44 36
149 45 72
149 46 72
149 47 36
149 48 72
149 49 36
149 50 36
149 51 36
149 52 72
149 53 36
149 54 72
149 55 72
149 56 36
149 57 36
149 58 72
149 59 36
149 60 36
149 61 36
149 62 36
149 63 72
150 0 36
150 1 36
150 2 36
150 3 36
150 4 36
150 5 36
150 6 36
150 7 36
150 8 72
150 9 36
150 10 36
150 11 36
150 12 36
150 13 36
150 14 36
150 15 72
150 16 36
150 17 36
150 18 36
150 19 36
150 20 36
150 21 36
150 22 36
150 23 36
150 24 36
150 25 36
150 26 36
150 27 36
150 28 36
150 29 36
150 30 36
150 31 36
150 32 36
150 33 72
150 34 36
150 35 36
150 36 36
150 37 36
150 38 36
150 39 36
150 40 36
150 41 36
150 42 36
150 43 36
150 44 36
150 45 36
150 46 36
150 47 36
150 48 36
150 49 36
150 50 36
150 51 36
150 52 36
150 53 36
150 54 1
150 55 36
150 56 36
150 57 36
150 58 36
150 59 36
150 60 36
150 61 36
150 62 36
150 63 36
151 0 36
151 1 36
151 2 36
151 3 36
151 4 36
151 5 36
151 6 36
151 7 36
151 8 36
151 9 36
151 10 36
151 11 36
151 12 36
151 13 36
151 14 36
151 15 36
151 16 36
151 17 36
151 18 36
151 19 36
151 20 36
151 21 36
151 22 36
151 23 36
151 24 1
151 25 36
151 26 1
151 27 1
151 28 36
151 29 36
151 30 36
151 31 36
151 32 1
151 33 36
151 34 36
151 35 1
151 36 36
151 37 36
151 38 36
151 39 36
151 40 36
151 41 36
151 42 36
151 43 36
151 44 36
151 45 36
151 46 36
151 47 36
151 48 36
151 49 36
151 50 1
151 51 1
151 52 36
151 53 36
151 54 36
151 55 36
151 56 36
151 57 36
151 58 36
151 59 36
151 60 36
151 61 36
151 62 36
151 63 36
152 0 36
152 1 36
152 2 36
152 3 36
152 4 36
152 5 36
152 6 36
152 7 36
152 8 36
152 9 36
152 10 36
152 11 36
152 12 1
152 13 36
152 14 36
152 15 36
152 16 36
152 17 36
152 18 36
152 19 36
152 20 36
152 21 36
152 22 36
152 23 36
152 24 1
152 25 36
152 26 36
152 27 36
152 28 36
152 29 36
152 30 36
152 31 36
152 32 36
152 33 36
152 34 36
152 35 36
152 36 36
152 37 36
152 38 36
152 39 36
152 40 36
152 41 36
152 42 36
152 43 36
152 44 36
152 45 36
152 46 36
152 47 36
152 48 36
152 49 36
152 50 36
152 51 1
152 52 36
152 53 36
152 54 36
152 55 36
152 56 36
152 57 36
152 58 36
152 59 36
152 60 36
152 61 36
152 62 36
152 63 36
153 0 36
153 1 36
153 2 36
153 3 36
153 4 36
153 5 36
153 6 1
153 7 36
153 8 36
153 9 36
153 10 72
153 11 36
153 12 36
153 13 36
153 14 36
153 15 36
153 16 36
153 17 36
153 18 36
153 19 36
153 20 36
153 21 36
153 22 36
153 23 36
153 24 36
153 25 36
153 26 36
153 27 36
153 28 36
153 29 36
153 30 36
153 31 36
153 32 36
153 33 36
153 34 36
153 35 36
153 36 36
153 37 36
153 38 36
153 39 36
153 40 36
153 41 36
153 42 36
153 43 36
153 44 36
153 45 36
153 46 36
153 47 36
153 48 36
153 49 36
153 50 36
153 51 36
153 52 36
153 53 36
153 54 36
153 55 72
153 56 36
153 57 36
153 58 36
153 59 36
153 60 1
153 61 36
153 62 36
153 63 36
154 0 72
154 1 36
154 2 36
154 3 36
154 4 36
154 5 36
154 6 36
154 7 36
154 8 36
154 9 36
154 10 36
154 11 36
154 12 36
154 13 36
154 14 36
154 15 36
154 16 36
154 17 36
154 18 36
154 19 36
154 20 36
154 21 36
154 22 36
154 23 1
154 24 36
154 25 36
154 26 36
154 27 36
154 28 36
154 29 36
154 30 36
154 31 36
154 32 36
154 33 36
154 34 36
154 35 36
154 36 1
154 37 36
154 38 36
154 39 36
154 40 36
154 41 36
154 42 36
154 43 36
154 44 36
154 45 36
154 46 36
154 47 36
154 48 36
154 49 36
154 50 36
154 51 36
154 52 36
154 53 36
154 54 36
154 55 36
154 56 36
154 57 36
154 58 1
154 59 36
154 60 36
154 61 36
154 62 36
154 63 36
155 0 36
155 1 36
155 2 36
155 3 36
155 4 36
155 5 36
155 6 36
155 7 36
155 8 36
155 9 36
155 10 36
155 11 36
155 12 36
155 13 36
155 14 36
155 15 72
155 16 36
155 17 36
155 18 36
155 19 36
155 20 36
155 21 36
155 22 36
155 23 72
155 24 36
155 25 72
155 26 36
155 27 36
155 28 36
155 29 36
155 30 36
155 31 36
155 32 36
155 33 36
155 34 36
155 35 36
155 36 36
155 37 36
155 38 36
155 39 36
155 40 36
155 41 36
155 42 36
155 43 36
155 44 36
155 45 36
155 46 36
155 47 36
155 48 1
155 49 36
155 50 36
155 51 36
155 52 36
155 53 36
155 54 36
155 55 36
155 56 36
155 57 36
155 58 36
155 59 36
155 60 36
155 61 1
155 62 36
155 63 36
156 0 36
156 1 36
156 2 36
156 3 36
156 4 36
156 5 36
156 6 72
156 7 36
156 8 36
156 9 36
156 10 36
156 11 36
156 12 36
156 13 36
156 14 36
156 15 36
156 16 36
156 17 36
156 18 36
156 19 36
156 20 36
156 21 36
156 22 36
156 23 36
156 24 36
156 25 36
156 26 36
156 27 1
156 28 36
156 29 36
156 30 36
156 31 36
156 32 36
156 33 36
156 34 1
156 35 36
156 36 36
156 37 36
156 38 36
156 39 36
156 40 36
156 41 36
156 42 36
156 43 36
156 44 36
156 45 36
156 46 36
156 47 36
156 48 1
156 49 36
156 50 36
156 51 36
156 52 36
156 53 36
156 54 36
156 55 36
156 56 36
156 57 36
156 58 36
156 59 36
156 60 36
156 61 36
156 62 36
156 63 36
157 0 36
157 1 36
157 2 36
157 3 36
157 4 36
157 5 36
157 6 36
157 7 36
157 8 36
157 9 36
157 10 36
157 11 36
157 12 36
157 13 36
157 14 72
157 15 36
157 16 36
157 17 36
157 18 36
157 19 36
157 20 36
157 21 36
157 22 36
157 23 36
157 24 36
157 25 36
157 26 36
157 27 36
157 28 1
157 29 36
157 30 36
157 31 36
157 32 36
157 33 36
157 34 36
157 35 36
157 36 36
157 37 36
157 38 36
157 39 36
157 40 36
157 41 36
157 42 36
157 43 36
157 44 36
157 45 36
157 46 36
157 47 36
157 48 36
157 49 36
157 50 36
157 51 36
157 52 36
157 53 36
157 54 36
157 55 36
157 56 36
157 57 36
157 58 36
157 59 1
157 60 36
157 61 36
157 62 36
157 63 36
158 0 36
158 1 36
158 2 36
158 3 36
158 4 36
158 5 36
158 6 36
158 7 36
158 8 36
158 9 36
158 10 36
158 11 36
158 12 36
158 13 36
158 14 36
158 15 36
158 16 36
158 17 36
158 18 72
158 19 1
158 20 36
158 21 36
158 22 36
158 23 36
158 24 36
158 25 36
158 26 36
158 27 36
158 28 1
158 29 36
158 30 36
158 31 36
158 32 36
158 33 36
158 34 36
158 35 36
158 36 36
158 37 36
158 38 36
158 39 36
158 40 36
158 41 36
158 42 36
158 43 36
158 44 36
158 45 36
158 46 36
158 47 36
158 48 36
158 49 36
158 50 36
158 51 36
158 52 1
158 53 36
158 54 36
158 55 36
158 56 36
158 57 36
158 58 36
158 59 36
158 60 1
158 61 36
158 62 36
158 63 36
159 0 36
159 1 36
159 2 36
159 3 36
159 4 72
159 5 36
159 6 36
159 7 36
159 8 36
159 9 36
159 10 72
159 11 36
159 12 36
159 13 72
159 14 36
159 15 36
159 16 36
159 17 36
159 18 72
159 19 36
159 20 36
159 21 36
159 22 36
159 23 1
159 24 36
159 25 36
159 26 36
159 27 1
159 28 36
159 29 36
159 30 72
159 31 36
159 32 36
159 33 36
159 34 36
159 35 36
159 36 36
159 37 72
159 38 36
159 39 36
159 40 36
159 41 36
159 42 36
159 43 36
159 44 36
159 45 36
159 46 36
159 47 36
159 48 36
159 49 36
159 50 36
159 51 36
159 52 36
159 53 36
159 54 36
159 55 36
159 56 36
159 57 36
159 58 36
159 59 36
159 60 36
159 61 36
159 62 72
159 63 72
160 0 36
160 1 36
160 2 36
160 3 36
160 4 36
160 5 36
160 6 36
160 7 36
160 8 36
160 9 36
160 10 36
160 11 36
160 12 36
160 13 36
160 14 36
160 15 36
160 16 36
160 17 36
160 18 36
160 19 36
160 20 36
160 21 36
160 22 36
160 23 36
160 24 36
160 25 36
160 26 36
160 27 36
160 28 36
160 29 1
160 30 36
160 31 36
160 32 36
160 33 36
160 34 1
160 35 1
160 36 36
160 37 36
160 38 36
160 39 36
160 40 36
160 41 36
160 42 36
160 43 36
160 44 36
160 45 36
160 46 36
160 47 36
160 48 36
160 49 36
160 50 36
160 51 36
160 52 36
160 53 36
160 54 36
160 55 36
160 56 36
160 57 36
160 58 36
160 59 36
160 60 36
160 61 36
160 62 36
160 63 36
161 0 36
161 1 36
161 2 36
161 3 36
161 4 36
161 5 36
161 6 36
161 7 36
161 8 36
161 9 72
161 10 36
161 11 36
161 12 1
161 13 72
161 14 36
161 15 36
161 16 36
161 17 36
161 18 36
161 19 36
161 20 36
161 21 36
161 22 36
161 23 36
161 24 36
161 25 36
161 26 72
161 27 36
161 28 36
161 29 36
161 30 36
161 31 36
161 32 36
161 33 36
161 34 36
161 35 36
161 36 36
161 37 36
161 38 36
161 39 36
161 40 36
161 41 36
161 42 36
161 43 36
161 44 1
161 45 36
161 46 36
161 47 36
161 48 1
161 49 36
161 50 36
161 51 36
161 52 36
161 53 36
161 54 36
161 55 36
161 56 36
161 57 36
161 58 36
161 59 36
161 60 36
161 61 36
161 62 36
161 63 36
162 0 36
162 1 36
162 2 36
162 3 36
162 4 36
162 5 36
162 6 36
162 7 1
162 8 36
162 9 36
162 10 36
162 11 36
162 12 36
162 13 36
162 14 36
162 15 36
162 16 36
162 17 36
162 18 36
162 19 36
162 20 36
162 21 36
162 22 36
162 23 36
162 24 36
162 25 36
162 26 36
162 27 36
162 28 1
162 29 36
162 30 36
162 31 36
162 32 36
162 33 36
162 34 36
162 35 36
162 36 36
162 37 36
162 38 36
162 39 36
162 40 1
162 41 36
162 42 36
162 43 36
162 44 36
162 45 36
162 46 36
162 47 36
162 48 1
162 49 36
162 50 36
162 51 36
162 52 1
162 53 36
162 54 36
162 55 36
162 56 36
162 57 36
162 58 36
162 59 36
162 60 36
162 61 36
162 62 36
162 63 36
163 0 36
163 1 36
163 2 36
163 3 1
163 4 1
163 5 36
163 6 36
163 7 36
163 8 36
163 9 36
163 10 36
163 11 36
163 12 36
163 13 36
163 14 36
163 15 36
163 16 36
163 17 36
163 18 36
163 19 36
163 20 36
163 21 36
163 22 36
163 23 36
163 24 36
163 25 36
163 26 36
163 27 36
163 28 36
163 29 36
163 30 36
163 31 36
163 32 36
163 33 36
163 34 36
163 35 36
163 36 36
163 37 36
163 38 36
163 39 36
163 40 36
163 41 36
163 42 36
163 43 36
163 44 72
163 45 36
163 46 36
163 47 36
163 48 36
163 49 36
163 50 36
163 51 36
163 52 36
163 53 36
163 54 1
163 55 36
163 56 36
163 57 36
163 58 36
163 59 1
163 60 36
163 61 36
163 62 36
163 63 36
164 0 36
164 1 36
164 2 36
164 3 36
164 4 36
164 5 36
164 6 36
164 7 36
164 8 36
164 9 36
164 10 36
164 11 36
164 12 36
164 13 36
164 14 36
164 15 36
164 16 36
164 17 36
164 18 36
164 19 36
164 20 36
164 21 36
164 22 36
164 23 36
164 24 36
164 25 36
164 26 36
164 27 36
164 28 36
164 29 1
164 30 1
164 31 36
164 32 36
164 33 36
164 34 36
164 35 36
164 36 36
164 37 1
164 38 36
164 39 36
164 40 36
164 41 36
164 42 36
164 43 36
164 44 36
164 45 36
164 46 36
164 47 1
164 48 36
164 49 36
164 50 36
164 51 36
164 52 36
164 53 36
164 54 36
164 55 36
164 56 36
164 57 36
164 58 36
164 59 36
164 60 36
164 61 36
164 62 36
164 63 36
165 0 36
165 1 36
165 2 36
165 3 36
165 4 36
165 5 36
165 6 36
165 7 36
165 8 36
165 9 36
165 10 36
165 11 36
165 12 36
165 13 36
165 14 36
165 15 36
165 16 36
165 17 36
165 18 36
165 19 36
165 20 36
165 21 36
165 22 36
165 23 36
165 24 36
165 25 36
165 26 36
165 27 36
165 28 36
165 29 36
165 30 1
165 31 36
165 32 36
165 33 36
165 34 36
165 35 36
165 36 36
165 37 36
165 38 36
165 39 36
165 40 36
165 41 36
165 42 36
165 43 36
165 44 36
165 45 36
165 46 36
165 47 36
165 48 36
165 49 36
165 50 36
165 51 36
165 52 36
165 53 36
165 54 36
165 55 36
165 56 36
165 57 36
165 58 36
165 59 36
165 60 36
165 61 36
165 62 36
165 63 36
166 0 36
166 1 36
166 2 36
166 3 1
166 4 36
166 5 36
166 6 36
166 7 36
166 8 36
166 9 1
166 10 36
166 11 36
166 12 36
166 13 36
166 14 36
166 15 36
166 16 36
166 17 36
166 18 36
166 19 36
166 20 36
166 21 36
166 22 36
166 23 36
166 24 36
166 25 36
166 26 36
166 27 36
166 28 36
166 29 36
166 30 36
166 31 36
166 32 36
166 33 36
166 34 36
166 35 36
166 36 36
166 37 36
166 38 36
166 39 36
166 40 36
166 41 36
166 42 36
166 43 36
166 44 36
166 45 36
166 46 36
166 47 36
166 48 36
166 49 36
166 50 36
166 51 36
166 52 1
166 53 36
166 54 36
166 55 36
166 56 36
166 57 36
166 58 36
166 59 36
166 60 36
166 61 36
166 62 36
166 63 36
167 0 36
167 1 36
167 2 1
167 3 36
167 4 36
167 5 36
167 6 36
167 7 36
167 8 1
167 9 36
167 10 36
167 11 36
167 12 36
167 13 36
167 14 36
167 15 36
167 16 36
167 17 36
167 18 36
167 19 36
167 20 36
167 21 36
167 22 36
167 23 72
167 24 36
167 25 36
167 26 36
167 27 36
167 28 36
167 29 36
167 30 36
167 31 36
167 32 36
167 33 36
167 34 36
167 35 36
167 36 36
167 37 36
167 38 36
167 39 36
167 40 36
167 41 36
167 42 36
167 43 72
167 44 36
167 45 36
167 46 36
167 47 36
167 48 36
167 49 36
167 50 36
167 51 36
167 52 36
167 53 36
167 54 36
167 55 36
167 56 72
167 57 36
167 58 36
167 59 36
167 60 1
167 61 36
167 62 1
167 63 1
168 0 36
168 1 36
168 2 36
168 3 72
168 4 36
168 5 72
168 6 36
168 7 36
168 8 36
168 9 36
168 10 36
168 11 36
168 12 36
168 13 72
168 14 36
168 15 36
168 16 36
168 17 36
168 18 72
168 19 36
168 20 36
168 21 36
168 22 36
168 23 36
168 24 36
168 25 72
168 26 36
168 27 72
168 28 36
168 29 36
168 30 36
168 31 36
168 32 36
168 33 36
168 34 36
168 35 36
168 36 72
168 37 72
168 38 72
168 39 72
168 40 36
168 41 72
168 42 36
168 43 36
168 44 36
168 45 36
168 46 72
168 47 72
168 48 36
168 49 108
168 50 36
168 51 72
168 52 36
168 53 108
168 54 72
168 55 72
168 56 36
168 57 36
168 58 36
168 59 36
168 60 72
168 61 36
168 62 36
168 63 36
169 0 36
169 1 36
169 2 36
169 3 36
169 4 36
169 5 36
169 6 36
169 7 36
169 8 36
169 9 36
169 10 36
169 11 72
169 12 36
169 13 36
169 14 36
169 15 36
169 16 36
169 17 36
169 18 36
169 19 36
169 20 36
169 21 36
169 22 36
169 23 36
169 24 36
169 25 36
169 26 36
169 27 36
169 28 36
169 29 36
169 30 36
169 31 36
169 32 36
169 33 36
169 34 36
169 35 36
169 36 36
169 37 36
169 38 36
169 39 36
169 40 36
169 41 36
169 42 36
169 43 36
169 44 36
169 45 36
169 46 36
169 47 36
169 48 36
169 49 36
169 50 36
169 51 36
169 52 36
169 53 1
169 54 36
169 55 36
169 56 36
169 57 36
169 58 36
169 59 36
169 60 36
169 61 36
169 62 36
169 63 36
170 0 36
170 1 36
170 2 36
170 3 36
170 4 36
170 5 1
170 6 36
170 7 36
170 8 36
170 9 36
170 10 36
170 11 36
170 12 36
170 13 36
170 14 36
170 15 36
170 16 36
170 17 36
170 18 36
170 19 36
170 20 36
170 21 36
170 22 36
170 23 36
170 24 36
170 25 36
170 26 36
170 27 36
170 28 36
170 29 36
170 30 36
170 31 36
170 32 36
170 33 36
170 34 36
170 35 36
170 36 36
170 37 36
170 38 36
170 39 36
170 40 36
170 41 36
170 42 36
170 43 36
170 44 36
170 45 36
170 46 36
170 47 36
170 48 36
170 49 36
170 50 36
170 51 36
170 52 36
170 53 36
170 54 36
170 55 36
170 56 36
170 57 36
170 58 36
170 59 36
170 60 36
170 61 36
170 62 36
170 63 36
171 0 36
171 1 36
171 2 36
171 3 36
171 4 36
171 5 36
171 6 36
171 7 72
171 8 36
171 9 36
171 10 36
171 11 36
171 12 36
171 13 36
171 14 36
171 15 36
171 16 36
171 17 36
171 18 36
171 19 36
171 20 36
171 21 36
171 22 1
171 23 36
171 24 36
171 25 36
171 26 36
171 27 36
171 28 36
171 29 36
171 30 36
171 31 36
171 32 36
171 33 36
171 34 36
171 35 36
171 36 1
171 37 36
171 38 36
171 39 36
171 40 36
171 41 1
171 42 36
171 43 36
171 44 36
171 45 36
171 46 36
171 47 36
171 48 36
171 49 36
171 50 36
171 51 36
171 52 36
171 53 36
171 54 36
171 55 36
171 56 36
171 57 36
171 58 36
171 59 36
171 60 36
171 61 1
171 62 36
171 63 36
172 0 36
172 1 36
172 2 36
172 3 36
172 4 36
172 5 36
172 6 36
172 7 36
172 8 36
172 9 36
172 10 36
172 11 72
172 12 36
172 13 36
172 14 36
172 15 36
172 16 36
172 17 36
172 18 36
172 19 36
172 20 36
172 21 36
172 22 36
172 23 36
172 24 36
172 25 36
172 26 36
172 27 36
172 28 36
172 29 36
172 30 36
172 31 36
172 32 36
172 33 1
172 34 36
172 35 36
172 36 36
172 37 36
172 38 36
172 39 36
172 40 36
172 41 36
172 42 36
172 43 36
172 44 36
172 45 36
172 46 36
172 47 36
172 48 36
172 49 36
172 50 1
172 51 36
172 52 36
172 53 1
172 54 36
172 55 36
172 56 36
172 57 36
172 58 1
172 59 1
172 60 72
172 61 36
172 62 36
172 63 36
173 0 36
173 1 36
173 2 36
173 3 36
173 4 36
173 5 36
173 6 36
173 7 36
173 8 36
173 9 36
173 10 36
173 11 36
173 12 36
173 13 36
173 14 36
173 15 36
173 16 36
173 17 36
173 18 36
173 19 36
173 20 36
173 21 36
173 22 36
173 23 36
173 24 36
173 25 36
173 26 1
173 27 36
173 28 36
173 29 1
173 30 36
173 31 36
173 32 36
173 33 36
173 34 36
173 35 36
173 36 36
173 37 36
173 38 36
173 39 36
173 40 36
173 41 36
173 42 36
173 43 36
173 44 36
173 45 36
173 46 36
173 47 36
173 48 36
173 49 36
173 50 1
173 51 36
173 52 36
173 53 36
173 54 36
173 55 36
173 56 36
173 57 36
173 58 36
173 59 36
173 60 36
173 61 36
173 62 36
173 63 1
174 0 36
174 1 36
174 2 36
174 3 36
174 4 36
174 5 36
174 6 36
174 7 36
174 8 36
174 9 36
174 10 72
174 11 36
174 12 36
174 13 72
174 14 36
174 15 36
174 16 36
174 17 36
174 18 36
174 19 36
174 20 36
174 21 36
174 22 36
174 23 36
174 24 36
174 25 36
174 26 36
174 27 36
174 28 36
174 29 1
174 30 36
174 31 36
174 32 36
174 33 36
174 34 36
174 35 36
174 36 36
174 37 36
174 38 36
174 39 36
174 40 36
174 41 36
174 42 36
174 43 36
174 44 36
174 45 36
174 46 36
174 47 36
174 48 1
174 49 36
174 50 36
174 51 36
174 52 36
174 53 1
174 54 1
174 55 36
174 56 36
174 57 36
174 58 36
174 59 36
174 60 36
174 61 36
174 62 36
174 63 36
175 0 72
175 1 36
175 2 36
175 3 36
175 4 36
175 5 36
175 6 36
175 7 72
175 8 36
175 9 36
175 10 36
175 11 36
175 12 36
175 13 36
175 14 36
175 15 36
175 16 36
175 17 36
175 18 36
175 19 36
175 20 36
175 21 36
175 22 1
175 23 36
175 24 36
175 25 1
175 26 36
175 27 36
175 28 36
175 29 36
175 30 36
175 31 36
175 32 36
175 33 36
175 34 36
175 35 36
175 36 1
175 37 36
175 38 36
175 39 36
175 40 36
175 41 36
175 42 36
175 43 36
175 44 36
175 45 36
175 46 36
175 47 36
175 48 36
175 49 36
175 50 36
175 51 36
175 52 36
175 53 72
175 54 36
175 55 36
175 56 36
175 57 36
175 58 36
175 59 36
175 60 36
175 61 1
175 62 36
175 63 36
176 0 36
176 1 36
176 2 36
176 3 36
176 4 36
176 5 1
176 6 36
176 7 36
176 8 1
176 9 36
176 10 36
176 11 36
176 12 36
176 13 36
176 14 36
176 15 36
176 16 72
176 17 36
176 18 36
176 19 36
176 20 36
176 21 36
176 22 36
176 23 36
176 24 36
176 25 36
176 26 36
176 27 36
176 28 36
176 29 1
176 30 36
176 31 36
176 32 36
176 33 1
176 34 36
176 35 1
176 36 36
176 37 36
176 38 36
176 39 1
176 40 36
176 41 36
176 42 36
176 43 36
176 44 36
176 45 72
176 46 36
176 47 1
176 48 36
176 49 36
176 50 36
176 51 36
176 52 36
176 53 36
176 54 36
176 55 36
176 56 36
176 57 36
176 58 36
176 59 1
176 60 36
176 61 36
176 62 36
176 63 36
177 0 36
177 1 36
177 2 36
177 3 36
177 4 36
177 5 36
177 6 36
177 7 36
177 8 36
177 9 36
177 10 36
177 11 36
177 12 36
177 13 36
177 14 36
177 15 36
177 16 36
177 17 36
177 18 72
177 19 36
177 20 36
177 21 36
177 22 36
177 23 36
177 24 36
177 25 36
177 26 36
177 27 1
177 28 72
177 29 36
177 30 36
177 31 36
177 32 36
177 33 36
177 34 36
177 35 36
177 36 36
177 37 36
177 38 36
177 39 36
177 40 36
177 41 36
177 42 72
177 43 36
177 44 36
177 45 36
177 46 72
177 47 36
177 48 36
177 49 36
177 50 36
177 51 36
177 52 36
177 53 36
177 54 36
177 55 36
177 56 36
177 57 36
177 58 36
177 59 36
177 60 36
177 61 36
177 62 36
177 63 36
178 0 36
178 1 36
178 2 36
178 3 36
178 4 36
178 5 36
178 6 36
178 7 36
178 8 36
178 9 36
178 10 36
178 11 36
178 12 36
178 13 36
178 14 36
178 15 36
178 16 36
178 17 36
178 18 36
178 19 36
178 20 36
178 21 36
178 22 36
178 23 36
178 24 36
178 25 72
178 26 36
178 27 36
178 28 36
178 29 1
178 30 36
178 31 36
178 32 36
178 33 36
178 34 72
178 35 36
178 36 36
178 37 36
178 38 36
178 39 36
178 40 36
178 41 36
178 42 36
178 43 36
178 44 36
178 45 36
178 46 36
178 47 36
178 48 36
178 49 1
178 50 36
178 51 1
178 52 36
178 53 36
178 54 36
178 55 36
178 56 36
178 57 36
178 58 36
178 59 36
178 60 36
178 61 36
178 62 36
178 63 36
179 0 36
179 1 36
179 2 36
179 3 36
179 4 36
179 5 36
179 6 36
179 7 36
179 8 36
179 9 36
179 10 36
179 11 36
179 12 36
179 13 36
179 14 36
179 15 36
179 16 36
179 17 36
179 18 36
179 19 36
179 20 36
179 21 36
179 22 36
179 23 36
179 24 36
179 25 36
179 26 36
179 27 36
179 28 36
179 29 36
179 30 36
179 31 36
179 32 36
179 33 1
179 34 36
179 35 36
179 36 36
179 37 36
179 38 36
179 39 36
179 40 36
179 41 36
179 42 36
179 43 36
179 44 36
179 45 36
179 46 72
179 47 36
179 48 72
179 49 1
179 50 36
179 51 36
179 52 36
179 53 1
179 54 36
179 55 36
179 56 36
179 57 36
179 58 36
179 59 36
179 60 36
179 61 36
179 62 36
179 63 36
180 0 36
180 1 36
180 2 36
180 3 36
180 4 36
180 5 36
180 6 36
180 7 36
180 8 36
180 9 36
180 10 36
180 11 36
180 12 36
180 13 36
180 14 36
180 15 36
180 16 36
180 17 36
180 18 36
180 19 1
180 20 36
180 21 36
180 22 36
180 23 36
180 24 36
180 25 36
180 26 36
180 27 1
180 28 36
180 29 36
180 30 36
180 31 36
180 32 36
180 33 36
180 34 72
180 35 36
180 36 36
180 37 36
180 38 36
180 39 36
180 40 36
180 41 36
180 42 36
180 43 36
180 44 36
180 45 36
180 46 36
180 47 36
180 48 36
180 49 36
180 50 36
180 51 36
180 52 36
180 53 1
180 54 36
180 55 72
180 56 36
180 57 36
180 58 36
180 59 36
180 60 36
180 61 36
180 62 36
180 63 36
181 0 36
181 1 36
181 2 36
181 3 36
181 4 36
181 5 36
181 6 36
181 7 36
181 8 36
181 9 36
181 10 36
181 11 36
181 12 36
181 13 36
181 14 36
181 15 36
181 16 36
181 17 36
181 18 36
181 19 36
181 20 36
181 21 36
181 22 36
181 23 36
181 24 36
181 25 36
181 26 36
181 27 36
181 28 36
181 29 36
181 30 36
181 31 36
181 32 36
181 33 36
181 34 36
181 35 36
181 36 36
181 37 36
181 38 72
181 39 36
181 40 36
181 41 36
181 42 36
181 43 36
181 44 36
181 45 72
181 46 36
181 47 1
181 48 36
181 49 36
181 50 36
181 51 36
181 52 36
181 53 36
181 54 36
181 55 36
181 56 36
181 57 36
181 58 36
181 59 36
181 60 36
181 61 1
181 62 36
181 63 36
182 0 36
182 1 36
182 2 1
182 3 36
182 4 1
182 5 36
182 6 36
182 7 36
182 8 36
182 9 36
182 10 36
182 11 36
182 12 36
182 13 36
182 14 36
182 15 36
182 16 36
182 17 36
182 18 36
182 19 36
182 20 36
182 21 36
182 22 36
182 23 36
182 24 36
182 25 36
182 26 1
182 27 36
182 28 36
182 29 1
182 30 36
182 31 36
182 32 36
182 33 36
182 34 72
182 35 36
182 36 36
182 37 36
182 38 36
182 39 36
182 40 36
182 41 36
182 42 36
182 43 36
182 44 36
182 45 36
182 46 72
182 47 36
182 48 36
182 49 1
182 50 36
182 51 36
182 52 36
182 53 36
182 54 36
182 55 36
182 56 36
182 57 72
182 58 36
182 59 36
182 60 36
182 61 36
182 62 36
182 63 36
183 0 72
183 1 36
183 2 36
183 3 36
183 4 36
183 5 36
183 6 1
183 7 36
183 8 36
183 9 36
183 10 36
183 11 36
183 12 36
183 13 36
183 14 36
183 15 36
183 16 36
183 17 36
183 18 36
183 19 36
183 20 36
183 21 36
183 22 36
183 23 36
183 24 36
183 25 36
183 26 36
183 27 36
183 28 36
183 29 36
183 30 36
183 31 36
183 32 36
183 33 36
183 34 36
183 35 36
183 36 36
183 37 36
183 38 36
183 39 36
183 40 36
183 41 36
183 42 36
183 43 36
183 44 1
183 45 36
183 46 36
183 47 36
183 48 36
183 49 36
183 50 36
183 51 1
183 52 36
183 53 1
183 54 36
183 55 36
183 56 1
183 57 36
183 58 36
183 59 36
183 60 36
183 61 36
183 62 36
183 63 36
184 0 36
184 1 36
184 2 36
184 3 36
184 4 36
184 5 36
184 6 36
184 7 36
184 8 72
184 9 36
184 10 36
184 11 36
184 12 36
184 13 36
184 14 36
184 15 36
184 16 36
184 17 36
184 18 36
184 19 36
184 20 36
184 21 36
184 22 36
184 23 36
184 24 36
184 25 36
184 26 1
184 27 36
184 28 36
184 29 1
184 30 36
184 31 36
184 32 36
184 33 36
184 34 36
184 35 36
184 36 1
184 37 1
184 38 36
184 39 36
184 40 36
184 41 36
184 42 36
184 43 72
184 44 36
184 45 36
184 46 36
184 47 36
184 48 36
184 49 36
184 50 36
184 51 36
184 52 36
184 53 36
184 54 36
184 55 36
184 56 36
184 57 36
184 58 36
184 59 36
184 60 36
184 61 36
184 62 36
184 63 36
185 0 36
185 1 36
185 2 36
185 3 36
185 4 36
185 5 36
185 6 36
185 7 36
185 8 36
185 9 36
185 10 36
185 11 36
185 12 36
185 13 36
185 14 36
185 15 36
185 16 36
185 17 72
185 18 36
185 19 36
185 20 36
185 21 36
185 22 36
185 23 36
185 24 36
185 25 36
185 26 36
185 27 36
185 28 36
185 29 36
185 30 36
185 31 36
185 32 36
185 33 1
185 34 36
185 35 36
185 36 36
185 37 36
185 38 36
185 39 36
185 40 36
185 41 36
185 42 36
185 43 36
185 44 36
185 45 36
185 46 36
185 47 36
185 48 36
185 49 36
185 50 36
185 51 36
185 52 36
185 53 36
185 54 36
185 55 36
185 56 36
185 57 36
185 58 36
185 59 36
185 60 36
185 61 1
185 62 36
185 63 36
186 0 36
186 1 36
186 2 36
186 3 36
186 4 36
186 5 1
186 6 1
186 7 36
186 8 36
186 9 36
186 10 36
186 11 36
186 12 36
186 13 36
186 14 36
186 15 36
186 16 36
186 17 36
186 18 36
186 19 36
186 20 36
186 21 36
186 22 36
186 23 36
186 24 36
186 25 36
186 26 36
186 27 36
186 28 1
186 29 36
186 30 36
186 31 36
186 32 36
186 33 36
186 34 36
186 35 36
186 36 36
186 37 36
186 38 36
186 39 36
186 40 36
186 41 36
186 42 36
186 43 36
186 44 36
186 45 36
186 46 36
186 47 36
186 48 36
186 49 36
186 50 36
186 51 36
186 52 36
186 53 36
186 54 36
186 55 36
186 56 36
186 57 1
186 58 36
186 59 36
186 60 36
186 61 36
186 62 36
186 63 36
187 0 36
187 1 36
187 2 36
187 3 36
187 4 36
187 5 36
187 6 36
187 7 36
187 8 36
187 9 36
187 10 36
187 11 36
187 12 36
187 13 36
187 14 36
187 15 36
187 16 36
187 17 36
187 18 36
187 19 36
187 20 36
187 21 72
187 22 36
187 23 36
187 24 36
187 25 1
187 26 36
187 27 36
187 28 36
187 29 36
187 30 36
187 31 36
187 32 36
187 33 36
187 34 36
187 35 1
187 36 36
187 37 72
187 38 36
187 39 36
187 40 36
187 41 36
187 42 36
187 43 36
187 44 36
187 45 36
187 46 36
187 47 36
187 48 36
187 49 36
187 50 36
187 51 36
187 52 36
187 53 36
187 54 36
187 55 36
187 56 36
187 57 36
187 58 36
187 59 36
187 60 1
187 61 36
187 62 36
187 63 36
188 0 36
188 1 36
188 2 1
188 3 36
188 4 1
188 5 36
188 6 36
188 7 36
188 8 36
188 9 36
188 10 36
188 11 36
188 12 36
188 13 36
188 14 36
188 15 36
188 16 36
188 17 36
188 18 36
188 19 36
188 20 36
188 21 72
188 22 36
188 23 1
188 24 36
188 25 36
188 26 36
188 27 36
188 28 36
188 29 36
188 30 36
188 31 36
188 32 36
188 33 36
188 34 36
188 35 36
188 36 36
188 37 36
188 38 36
188 39 36
188 40 36
188 41 36
188 42 36
188 43 36
188 44 36
188 45 36
188 46 36
188 47 36
188 48 36
188 49 36
188 50 36
188 51 36
188 52 36
188 53 36
188 54 36
188 55 36
188 56 36
188 57 36
188 58 36
188 59 36
188 60 36
188 61 36
188 62 36
188 63 36
189 0 36
189 1 36
189 2 36
189 3 36
189 4 36
189 5 36
189 6 36
189 7 36
189 8 36
189 9 36
189 10 36
189 11 36
189 12 36
189 13 36
189 14 36
189 15 36
189 16 36
189 17 1
189 18 36
189 19 36
189 20 36
189 21 36
189 22 36
189 23 36
189 24 36
189 25 36
189 26 1
189 27 36
189 28 36
189 29 36
189 30 36
189 31 36
189 32 36
189 33 36
189 34 36
189 35 36
189 36 36
189 37 36
189 38 36
189 39 36
189 40 36
189 41 36
189 42 36
189 43 36
189 44 36
189 45 1
189 46 36
189 47 36
189 48 36
189 49 36
189 50 36
189 51 36
189 52 1
189 53 36
189 54 1
189 55 36
189 56 36
189 57 36
189 58 36
189 59 36
189 60 36
189 61 36
189 62 36
189 63 36
190 0 72
190 1 36
190 2 1
190 3 36
190 4 36
190 5 36
190 6 36
190 7 36
190 8 36
190 9 36
190 10 36
190 11 36
190 12 36
190 13 36
190 14 36
190 15 36
190 16 36
190 17 36
190 18 36
190 19 36
190 20 36
190 21 36
190 22 36
190 23 36
190 24 36
190 25 36
190 26 36
190 27 36
190 28 36
190 29 36
190 30 36
190 31 36
190 32 36
190 33 36
190 34 36
190 35 36
190 36 36
190 37 36
190 38 36
190 39 36
190 40 36
190 41 36
190 42 36
190 43 36
190 44 36
190 45 36
190 46 36
190 47 36
190 48 36
190 49 1
190 50 36
190 51 1
190 52 36
190 53 36
190 54 36
190 55 36
190 56 36
190 57 36
190 58 36
190 59 36
190 60 36
190 61 36
190 62 36
190 63 36
191 0 36
191 1 36
191 2 36
191 3 36
191 4 36
191 5 36
191 6 36
191 7 36
191 8 36
191 9 1
191 10 36
191 11 36
191 12 36
191 13 36
191 14 36
191 15 36
191 16 36
191 17 36
191 18 36
191 19 36
191 20 36
191 21 36
191 22 36
191 23 36
191 24 36
191 25 36
191 26 36
191 27 36
191 28 36
191 29 36
191 30 36
191 31 36
191 32 36
191 33 36
191 34 72
191 35 36
191 36 36
191 37 36
191 38 36
191 39 36
191 40 36
191 41 36
191 42 36
191 43 36
191 44 36
191 45 36
191 46 36
191 47 36
191 48 36
191 49 36
191 50 36
191 51 36
191 52 36
191 53 1
191 54 1
191 55 36
191 56 36
191 57 36
191 58 36
191 59 36
191 60 36
191 61 36
191 62 36
191 63 36
192 0 36
192 1 36
192 2 36
192 3 36
192 4 36
192 5 36
192 6 36
192 7 36
192 8 72
192 9 36
192 10 36
192 11 36
192 12 36
192 13 36
192 14 1
192 15 36
192 16 36
192 17 36
192 18 36
192 19 36
192 20 36
192 21 36
192 22 36
192 23 36
192 24 36
192 25 36
192 26 36
192 27 36
192 28 36
192 29 36
192 30 36
192 31 36
192 32 36
192 33 36
192 34 36
192 35 36
192 36 36
192 37 36
192 38 1
192 39 36
192 40 36
192 41 36
192 42 36
192 43 36
192 44 36
192 45 36
192 46 36
192 47 36
192 48 1
192 49 36
192 50 36
192 51 36
192 52 36
192 53 36
192 54 36
192 55 36
192 56 36
192 57 36
192 58 36
192 59 36
192 60 36
192 61 36
192 62 36
192 63 36
193 0 180
193 1 36
193 2 36
193 3 36
193 4 36
193 5 36
193 6 1
193 7 36
193 8 36
193 9 36
193 10 36
193 11 36
193 12 36
193 13 36
193 14 36
193 15 36
193 16 36
193 17 36
193 18 36
193 19 36
193 20 36
193 21 36
193 22 36
193 23 36
193 24 36
193 25 36
193 26 36
193 27 36
193 28 36
193 29 36
193 30 36
193 31 36
193 32 36
193 33 36
193 34 36
193 35 36
193 36 36
193 37 1
193 38 36
193 39 36
193 40 36
193 41 36
193 42 36
193 43 36
193 44 36
193 45 36
193 46 36
193 47 36
193 48 36
193 49 36
193 50 36
193 51 36
193 52 36
193 53 36
193 54 36
193 55 36
193 56 36
193 57 36
193 58 36
193 59 36
193 60 36
193 61 36
193 62 36
193 63 36
194 0 72
194 1 36
194 2 36
194 3 36
194 4 36
194 5 36
194 6 36
194 7 1
194 8 36
194 9 36
194 10 36
194 11 72
194 12 36
194 13 72
194 14 36
194 15 36
194 16 36
194 17 36
194 18 36
194 19 36
194 20 72
194 21 36
194 22 36
194 23 1
194 24 36
194 25 36
194 26 36
194 27 36
194 28 36
194 29 36
194 30 36
194 31 36
194 32 1
194 33 36
194 34 36
194 35 36
194 36 36
194 37 36
194 38 36
194 39 36
194 40 36
194 41 36
194 42 36
194 43 36
194 44 36
194 45 36
194 46 36
194 47 36
194 48 36
194 49 36
194 50 36
194 51 36
194 52 36
194 53 36
194 54 36
194 55 36
194 56 36
194 57 36
194 58 36
194 59 36
194 60 36
194 61 36
194 62 36
194 63 36
195 0 36
195 1 36
195 2 36
195 3 36
195 4 36
195 5 36
195 6 36
195 7 36
195 8 36
195 9 36
195 10 36
195 11 36
195 12 36
195 13 36
195 14 36
195 15 36
195 16 36
195 17 36
195 18 36
195 19 36
195 20 36
195 21 36
195 22 36
195 23 36
195 24 36
195 25 36
195 26 36
195 27 36
195 28 36
195 29 36
195 30 36
195 31 36
195 32 36
195 33 36
195 34 36
195 35 36
195 36 36
195 37 36
195 38 36
195 39 36
195 40 36
195 41 36
195 42 36
195 43 36
195 44 36
195 45 36
195 46 36
195 47 36
195 48 36
195 49 36
195 50 36
195 51 36
195 52 36
195 53 36
195 54 36
195 55 36
195 56 36
195 57 36
195 58 36
195 59 36
195 60 36
195 61 36
195 62 36
195 63 36
196 0 36
196 1 36
196 2 36
196 3 36
196 4 36
196 5 36
196 6 36
196 7 36
196 8 36
196 9 36
196 10 36
196 11 36
196 12 36
196 13 36
196 14 36
196 15 36
196 16 36
196 17 36
196 18 36
196 19 36
196 20 36
196 21 36
196 22 36
196 23 36
196 24 36
196 25 1
196 26 36
196 27 36
196 28 36
196 29 1
196 30 36
196 31 36
196 32 36
196 33 36
196 34 36
196 35 36
196 36 36
196 37 1
196 38 36
196 39 36
196 40 36
196 41 36
196 42 36
196 43 36
196 44 36
196 45 36
196 46 36
196 47 36
196 48 36
196 49 1
196 50 36
196 51 36
196 52 36
196 53 36
196 54 36
196 55 36
196 56 36
196 57 36
196 58 36
196 59 36
196 60 36
196 61 36
196 62 36
196 63 36
197 0 36
197 1 36
197 2 36
197 3 36
197 4 36
197 5 36
197 6 36
197 7 36
197 8 36
197 9 36
197 10 36
197 11 36
197 12 36
197 13 36
197 14 36
197 15 36
197 16 36
197 17 36
197 18 36
197 19 36
197 20 36
197 21 36
197 22 36
197 23 36
197 24 36
197 25 36
197 26 36
197 27 36
197 28 36
197 29 36
197 30 36
197 31 36
197 32 36
197 33 36
197 34 36
197 35 36
197 36 36
197 37 36
197 38 36
197 39 36
197 40 36
197 41 36
197 42 36
197 43 36
197 44 36
197 45 36
197 46 36
197 47 36
197 48 36
197 49 36
197 50 36
197 51 36
197 52 36
197 53 36
197 54 36
197 55 36
197 56 36
197 57 36
197 58 36
197 59 36
197 60 1
197 61 36
197 62 36
197 63 1
198 0 108
198 1 36
198 2 36
198 3 36
198 4 36
198 5 1
198 6 36
198 7 36
198 8 36
198 9 36
198 10 36
198 11 36
198 12 36
198 13 36
198 14 36
198 15 36
198 16 36
198 17 36
198 18 36
198 19 36
198 20 36
198 21 36
198 22 36
198 23 36
198 24 36
198 25 36
198 26 36
198 27 36
198 28 36
198 29 1
198 30 36
198 31 36
198 32 36
198 33 36
198 34 36
198 35 36
198 36 36
198 37 36
198 38 36
198 39 36
198 40 36
198 41 36
198 42 36
198 43 72
198 44 36
198 45 1
198 46 36
198 47 36
198 48 36
198 49 36
198 50 36
198 51 36
198 52 36
198 53 36
198 54 36
198 55 36
198 56 36
198 57 1
198 58 36
198 59 36
198 60 36
198 61 36
198 62 36
198 63 36
199 0 36
199 1 36
199 2 36
199 3 36
199 4 1
199 5 36
199 6 36
199 7 36
199 8 36
199 9 36
199 10 36
199 11 36
199 12 36
199 13 36
199 14 36
199 15 36
199 16 36
199 17 36
199 18 36
199 19 72
199 20 36
199 21 36
199 22 36
199 23 36
199 24 1
199 25 36
199 26 36
199 27 36
199 28 36
199 29 36
199 30 36
199 31 36
199 32 36
199 33 72
199 34 36
199 35 36
199 36 1
199 37 36
199 38 36
199 39 36
199 40 36
199 41 36
199 42 36
199 43 36
199 44 36
199 45 36
199 46 36
199 47 36
199 48 36
199 49 36
199 50 36
199 51 36
199 52 36
199 53 36
199 54 36
199 55 36
199 56 36
199 57 36
199 58 36
199 59 36
199 60 36
199 61 36
199 62 36
199 63 36
